PLAYER_NAME,TEAM,SEASON,SALARY,CAP,CAP_PCT,PLAYER_NAME_CLEAN
Stephen Curry,GSW,2021-22,43345435,112414000,38.56,stephen curry
Joel Embiid,PHI,2021-22,40158680,112414000,35.72,joel embiid
Nikola Jokić,DEN,2021-22,40158680,112414000,35.72,nikola jokić
Kevin Durant,HOU,2021-22,39783511,112414000,35.39,kevin durant
Jayson Tatum,BOS,2021-22,39360171,112414000,35.01,jayson tatum
Anthony Davis,WAS,2021-22,39360171,112414000,35.01,anthony davis
Giannis Antetokounmpo,MIL,2021-22,39360171,112414000,35.01,giannis antetokounmpo
Jimmy Butler,GSW,2021-22,39360171,112414000,35.01,jimmy butler
Jaylen Brown,BOS,2021-22,38644482,112414000,34.38,jaylen brown
Devin Booker,PHO,2021-22,38644482,112414000,34.38,devin booker
Karl-Anthony Towns,NYK,2021-22,38644482,112414000,34.38,karl-anthony towns
LeBron James,LAL,2021-22,38269898,112414000,34.04,lebron james
Paul George,PHI,2021-22,37571024,112414000,33.42,paul george
Kawhi Leonard,LAC,2021-22,36359461,112414000,32.34,kawhi leonard
Zach LaVine,SAC,2021-22,34541241,112414000,30.73,zach lavine
Cade Cunningham,DET,2021-22,33737289,112414000,30.01,cade cunningham
Evan Mobley,CLE,2021-22,33737289,112414000,30.01,evan mobley
Jamal Murray,DEN,2021-22,33737289,112414000,30.01,jamal murray
Lauri Markkanen,UTA,2021-22,33737289,112414000,30.01,lauri markkanen
Donovan Mitchell,CLE,2021-22,33737289,112414000,30.01,donovan mitchell
Trae Young,WAS,2021-22,33737289,112414000,30.01,trae young
Luka Dončić,LAL,2021-22,33450457,112414000,29.76,luka dončić
Anthony Edwards,MIN,2021-22,33123841,112414000,29.47,anthony edwards
Tyrese Haliburton,IND,2021-22,33123841,112414000,29.47,tyrese haliburton
Pascal Siakam,IND,2021-22,33123841,112414000,29.47,pascal siakam
Domantas Sabonis,SAC,2021-22,30786283,112414000,27.39,domantas sabonis
OG Anunoby,NYK,2021-22,28774126,112414000,25.6,og anunoby
Zion Williamson,NOP,2021-22,28684771,112414000,25.52,zion williamson
Ja Morant,MEM,2021-22,28684771,112414000,25.52,ja morant
Darius Garland,LAC,2021-22,28684771,112414000,25.52,darius garland
James Harden,CLE,2021-22,28493232,112414000,25.35,james harden
Scottie Barnes,TOR,2021-22,28114408,112414000,25.01,scottie barnes
Franz Wagner,ORL,2021-22,28114408,112414000,25.01,franz wagner
Shai Gilgeous-Alexander,OKC,2021-22,27875381,112414000,24.8,shai gilgeous-alexander
Michael Porter Jr.,BRK,2021-22,27875381,112414000,24.8,michael porter jr.
Brandon Ingram,TOR,2021-22,27702446,112414000,24.64,brandon ingram
Tyrese Maxey,PHI,2021-22,27603201,112414000,24.55,tyrese maxey
LaMelo Ball,CHO,2021-22,27603201,112414000,24.55,lamelo ball
De'Aaron Fox,SAS,2021-22,26976262,112414000,24.0,de'aaron fox
Bam Adebayo,MIA,2021-22,26976262,112414000,24.0,bam adebayo
Desmond Bane,ORL,2021-22,26706511,112414000,23.76,desmond bane
Kyrie Irving,DAL,2021-22,26590402,112414000,23.65,kyrie irving
Jaren Jackson Jr.,UTA,2021-22,25451623,112414000,22.64,jaren jackson jr.
Jalen Suggs,ORL,2021-22,25451623,112414000,22.64,jalen suggs
Rudy Gobert,MIN,2021-22,25451623,112414000,22.64,rudy gobert
Jalen Brunson,NYK,2021-22,25410901,112414000,22.6,jalen brunson
Alperen Şengün,HOU,2021-22,24684405,112414000,21.96,alperen şengün
Jalen Green,PHO,2021-22,24422286,112414000,21.73,jalen green
Khris Middleton,DAL,2021-22,24212708,112414000,21.54,khris middleton
Immanuel Quickley,TOR,2021-22,23633650,112414000,21.02,immanuel quickley
Jrue Holiday,POR,2021-22,23560931,112414000,20.96,jrue holiday
Jerami Grant,POR,2021-22,23270056,112414000,20.7,jerami grant
Jordan Poole,NOP,2021-22,23159679,112414000,20.6,jordan poole
Tyler Herro,MIA,2021-22,22542866,112414000,20.05,tyler herro
Julius Randle,MIN,2021-22,22444112,112414000,19.97,julius randle
Dejounte Murray,NOP,2021-22,22398230,112414000,19.92,dejounte murray
Kristaps Porziņģis,GSW,2021-22,22347766,112414000,19.88,kristaps porziņģis
CJ McCollum,ATL,2021-22,22300469,112414000,19.84,cj mccollum
Jalen Johnson,ATL,2021-22,21815677,112414000,19.41,jalen johnson
Isaiah Hartenstein,OKC,2021-22,20724893,112414000,18.44,isaiah hartenstein
Andrew Wiggins,MIA,2021-22,20523618,112414000,18.26,andrew wiggins
Derrick White,BOS,2021-22,20434017,112414000,18.18,derrick white
RJ Barrett,TOR,2021-22,20147037,112414000,17.92,rj barrett
Anfernee Simons,CHI,2021-22,20127558,112414000,17.9,anfernee simons
Devin Vassell,SAS,2021-22,19634109,112414000,17.47,devin vassell
Terry Rozier,MIA,2021-22,19374525,112414000,17.23,terry rozier
Tobias Harris,DET,2021-22,19368064,112414000,17.23,tobias harris
John Collins,LAC,2021-22,19328689,112414000,17.19,john collins
Draymond Green,GSW,2021-22,18829006,112414000,16.75,draymond green
Deandre Ayton,POR,2021-22,24473418,112414000,21.77,deandre ayton
Nic Claxton,BRK,2021-22,18435899,112414000,16.4,nic claxton
Myles Turner,MIL,2021-22,18411159,112414000,16.38,myles turner
Trey Murphy III,NOP,2021-22,18179731,112414000,16.17,trey murphy iii
Josh Giddey,CHI,2021-22,18179731,112414000,16.17,josh giddey
Miles Bridges,CHO,2021-22,18179731,112414000,16.17,miles bridges
Fred VanVleet,HOU,2021-22,18179731,112414000,16.17,fred vanvleet
Mikal Bridges,NYK,2021-22,18107012,112414000,16.11,mikal bridges
DeMar DeRozan,SAC,2021-22,17867039,112414000,15.89,demar derozan
Jaden McDaniels,MIN,2021-22,17738402,112414000,15.78,jaden mcdaniels
Jonathan Kuminga,ATL,2021-22,17306790,112414000,15.4,jonathan kuminga
De'Andre Hunter,SAC,2021-22,16946106,112414000,15.07,de'andre hunter
Aaron Gordon,DEN,2021-22,16610060,112414000,14.78,aaron gordon
Damian Lillard,MIL,2021-22,26630108,112414000,23.69,damian lillard
Kyle Kuzma,MIL,2021-22,16296750,112414000,14.5,kyle kuzma
Kentavious Caldwell-Pope,MEM,2021-22,15722922,112414000,13.99,kentavious caldwell-pope
Naz Reid,MIN,2021-22,15672181,112414000,13.94,naz reid
Nikola Vučević,BOS,2021-22,15621101,112414000,13.9,nikola vučević
Dillon Brooks,PHO,2021-22,15361225,112414000,13.66,dillon brooks
Cameron Johnson,DEN,2021-22,15312471,112414000,13.62,cameron johnson
Norman Powell,MIA,2021-22,14894841,112414000,13.25,norman powell
Jarrett Allen,CLE,2021-22,14543784,112414000,12.94,jarrett allen
Jakob Poeltl,TOR,2021-22,14180190,112414000,12.61,jakob poeltl
Josh Hart,NYK,2021-22,14160003,112414000,12.6,josh hart
Bradley Beal,PHO,2021-22,17988487,112414000,16.0,bradley beal
Jusuf Nurkić,UTA,2021-22,14089291,112414000,12.53,jusuf nurkić
Harrison Barnes,SAS,2021-22,13816595,112414000,12.29,harrison barnes
Collin Sexton,CHI,2021-22,13798415,112414000,12.27,collin sexton
Ivica Zubac,IND,2021-22,13739499,112414000,12.22,ivica zubac
Malik Monk,SAC,2021-22,13669426,112414000,12.16,malik monk
Santi Aldama,MEM,2021-22,13442759,112414000,11.96,santi aldama
Rui Hachimura,LAL,2021-22,13277936,112414000,11.81,rui hachimura
Luguentz Dort,OKC,2021-22,13251003,112414000,11.79,luguentz dort
Alex Caruso,OKC,2021-22,13163579,112414000,11.71,alex caruso
Andrew Nembhard,IND,2021-22,13163579,112414000,11.71,andrew nembhard
Zach Collins,CHI,2021-22,13147942,112414000,11.7,zach collins
Patrick Williams,CHI,2021-22,13089406,112414000,11.64,patrick williams
Kevin Huerter,DET,2021-22,13082913,112414000,11.64,kevin huerter
Keldon Johnson,SAS,2021-22,12725811,112414000,11.32,keldon johnson
Grayson Allen,PHO,2021-22,12271318,112414000,10.92,grayson allen
Duncan Robinson,DET,2021-22,12242007,112414000,10.89,duncan robinson
Klay Thompson,DAL,2021-22,12119821,112414000,10.78,klay thompson
Bogdan Bogdanović,LAC,2021-22,11649571,112414000,10.36,bogdan bogdanović
Max Strus,CLE,2021-22,11588816,112414000,10.31,max strus
Terance Mann,BRK,2021-22,11271433,112414000,10.03,terance mann
Paolo Banchero,ORL,2021-22,11151279,112414000,9.92,paolo banchero
Nickeil Alexander-Walker,ATL,2021-22,11025498,112414000,9.81,nickeil alexander-walker
Onyeka Okongwu,ATL,2021-22,10907838,112414000,9.7,onyeka okongwu
Jonathan Isaac,ORL,2021-22,10907838,112414000,9.7,jonathan isaac
Isaiah Stewart,DET,2021-22,10907838,112414000,9.7,isaiah stewart
Marcus Smart,WAS,2021-22,14486231,112414000,12.89,marcus smart
Daniel Gafford,DAL,2021-22,10461577,112414000,9.31,daniel gafford
Deni Avdija,POR,2021-22,10453345,112414000,9.3,deni avdija
P.J. Washington,DAL,2021-22,10291308,112414000,9.15,p.j. washington
Steven Adams,HOU,2021-22,10275499,112414000,9.14,steven adams
Caris LeVert,DET,2021-22,10256277,112414000,9.12,caris levert
Dennis Schröder,CLE,2021-22,10256277,112414000,9.12,dennis schröder
Damian Lillard,POR,2021-22,26630108,112414000,23.69,damian lillard
Obi Toppin,IND,2021-22,10180649,112414000,9.06,obi toppin
Corey Kispert,ATL,2021-22,10162469,112414000,9.04,corey kispert
Herbert Jones,NOP,2021-22,10135254,112414000,9.02,herbert jones
Austin Reaves,LAL,2021-22,10135254,112414000,9.02,austin reaves
Cooper Flagg,DAL,2021-22,10054060,112414000,8.94,cooper flagg
Chet Holmgren,OKC,2021-22,9985303,112414000,8.88,chet holmgren
Josh Green,CHO,2021-22,9938253,112414000,8.84,josh green
Grant Williams,CHO,2021-22,9922861,112414000,8.83,grant williams
Bobby Portis,MIL,2021-22,9777607,112414000,8.7,bobby portis
Kelly Olynyk,SAS,2021-22,9777148,112414000,8.7,kelly olynyk
Victor Wembanyama,SAS,2021-22,9727523,112414000,8.65,victor wembanyama
Robert Williams,POR,2021-22,9661227,112414000,8.59,robert williams
Zaccharie Risacher,ATL,2021-22,9597240,112414000,8.54,zaccharie risacher
Mitchell Robinson,NYK,2021-22,9420406,112414000,8.38,mitchell robinson
Coby White,CHO,2021-22,9372661,112414000,8.34,coby white
Dorian Finney-Smith,HOU,2021-22,9235303,112414000,8.22,dorian finney-smith
Brandon Clarke,MEM,2021-22,9089865,112414000,8.09,brandon clarke
Dylan Harper,SAS,2021-22,8995563,112414000,8.0,dylan harper
Isaiah Joe,OKC,2021-22,8989759,112414000,8.0,isaiah joe
Jabari Smith Jr.,HOU,2021-22,8981072,112414000,7.99,jabari smith jr.
Donte DiVincenzo,MIN,2021-22,8718999,112414000,7.76,donte divincenzo
Brandon Miller,CHO,2021-22,8703582,112414000,7.74,brandon miller
Alex Sarr,WAS,2021-22,8586825,112414000,7.64,alex sarr
Davion Mitchell,MIA,2021-22,8435395,112414000,7.5,davion mitchell
Moses Moody,GSW,2021-22,8416543,112414000,7.49,moses moody
Jarred Vanderbilt,LAL,2021-22,8414618,112414000,7.49,jarred vanderbilt
Matisse Thybulle,POR,2021-22,8399035,112414000,7.47,matisse thybulle
Gabe Vincent,ATL,2021-22,8362676,112414000,7.44,gabe vincent
Keegan Murray,SAC,2021-22,8103864,112414000,7.21,keegan murray
VJ Edgecombe,PHI,2021-22,8078258,112414000,7.19,vj edgecombe
Aaron Nesmith,IND,2021-22,7999081,112414000,7.12,aaron nesmith
Luke Kornet,SAS,2021-22,7999081,112414000,7.12,luke kornet
Isaac Okoro,CHI,2021-22,7999081,112414000,7.12,isaac okoro
Luke Kennard,LAL,2021-22,7999081,112414000,7.12,luke kennard
Maxi Kleber,LAL,2021-22,7999081,112414000,7.12,maxi kleber
Wendell Carter Jr.,ORL,2021-22,7890003,112414000,7.02,wendell carter jr.
Mike Conley,CHO,2021-22,8362583,112414000,7.44,mike conley
Scoot Henderson,POR,2021-22,7815859,112414000,6.95,scoot henderson
Jordan Clarkson,UTA,2021-22,9415526,112414000,8.38,jordan clarkson
Reed Sheppard,HOU,2021-22,7710795,112414000,6.86,reed sheppard
Jonas Valančiūnas,DEN,2021-22,7559132,112414000,6.72,jonas valančiūnas
T.J. McConnell,IND,2021-22,7417330,112414000,6.6,t.j. mcconnell
Royce O'Neale,PHO,2021-22,7362791,112414000,6.55,royce o'neale
Jaden Ivey,CHI,2021-22,7349820,112414000,6.54,jaden ivey
Aaron Wiggins,OKC,2021-22,7346649,112414000,6.54,aaron wiggins
Sam Hauser,BOS,2021-22,7304357,112414000,6.5,sam hauser
Kon Knueppel,CHO,2021-22,7283295,112414000,6.48,kon knueppel
Derrick Jones Jr.,LAC,2021-22,7271892,112414000,6.47,derrick jones jr.
Lonzo Ball,UTA,2021-22,7271892,112414000,6.47,lonzo ball
Amen Thompson,HOU,2021-22,7046900,112414000,6.27,amen thompson
Caleb Martin,DAL,2021-22,6976685,112414000,6.21,caleb martin
Stephon Castle,SAS,2021-22,6952307,112414000,6.18,stephon castle
Pat Connaughton,CHO,2021-22,7809782,112414000,6.95,pat connaughton
Buddy Hield,ATL,2021-22,6704330,112414000,5.96,buddy hield
Kyle Anderson,MEM,2021-22,6704330,112414000,5.96,kyle anderson
Bennedict Mathurin,LAC,2021-22,6681104,112414000,5.94,bennedict mathurin
Ace Bailey,UTA,2021-22,6595490,112414000,5.87,ace bailey
Naji Marshall,DAL,2021-22,6544703,112414000,5.82,naji marshall
Jalen Smith,CHI,2021-22,6544703,112414000,5.82,jalen smith
Ty Jerome,MEM,2021-22,6385449,112414000,5.68,ty jerome
Ausar Thompson,DET,2021-22,6381085,112414000,5.68,ausar thompson
Brook Lopez,LAC,2021-22,6362906,112414000,5.66,brook lopez
Quentin Grimes,PHI,2021-22,6356513,112414000,5.65,quentin grimes
Ron Holland,DET,2021-22,6295481,112414000,5.6,ron holland
Sam Merrill,CLE,2021-22,6168124,112414000,5.49,sam merrill
Jaylin Williams,OKC,2021-22,6145261,112414000,5.47,jaylin williams
Shaedon Sharpe,POR,2021-22,6108377,112414000,5.43,shaedon sharpe
Kelly Oubre Jr.,PHI,2021-22,6095409,112414000,5.42,kelly oubre jr.
Goga Bitadze,ORL,2021-22,6059910,112414000,5.39,goga bitadze
Simone Fontecchio,MIA,2021-22,6041264,112414000,5.37,simone fontecchio
Tre Johnson,WAS,2021-22,5990323,112414000,5.33,tre johnson
Georges Niang,MEM,2021-22,5962952,112414000,5.3,georges niang
Zeke Nnaji,DEN,2021-22,5946792,112414000,5.29,zeke nnaji
Deandre Ayton,LAL,2021-22,24473418,112414000,21.77,deandre ayton
Tre Mann,CHO,2021-22,5817514,112414000,5.18,tre mann
Tre Jones,CHI,2021-22,5817514,112414000,5.18,tre jones
Kevon Looney,NOP,2021-22,5817514,112414000,5.18,kevon looney
Anthony Black,ORL,2021-22,5795902,112414000,5.16,anthony black
Tidjane Salaün,CHO,2021-22,5718063,112414000,5.09,tidjane salaün
Max Christie,DAL,2021-22,5609746,112414000,4.99,max christie
Dyson Daniels,ATL,2021-22,5604963,112414000,4.99,dyson daniels
Isaiah Jackson,LAC,2021-22,5526638,112414000,4.92,isaiah jackson
Jeremiah Fears,NOP,2021-22,5468492,112414000,4.86,jeremiah fears
Ayo Dosunmu,MIN,2021-22,5467385,112414000,4.86,ayo dosunmu
Bilal Coulibaly,WAS,2021-22,5290738,112414000,4.71,bilal coulibaly
Payton Pritchard,BOS,2021-22,5259136,112414000,4.68,payton pritchard
Donovan Clingan,POR,2021-22,5220055,112414000,4.64,donovan clingan
Kenrich Williams,OKC,2021-22,5208856,112414000,4.63,kenrich williams
Jeremy Sochan,SAS,2021-22,5726508,112414000,5.09,jeremy sochan
Tyus Jones,DAL,2021-22,5090325,112414000,4.53,tyus jones
Egor Dёmin,BRK,2021-22,5009752,112414000,4.46,egor dёmin
Jevon Carter,CHI,2021-22,5585194,112414000,4.97,jevon carter
Clint Capela,HOU,2021-22,4872168,112414000,4.33,clint capela
Ousmane Dieng,MIL,2021-22,4850993,112414000,4.32,ousmane dieng
Jarace Walker,IND,2021-22,4847094,112414000,4.31,jarace walker
Dean Wade,CLE,2021-22,4816506,112414000,4.28,dean wade
Jalen Williams,OKC,2021-22,4785630,112414000,4.26,jalen williams
Rob Dillingham,CHI,2021-22,4782084,112414000,4.25,rob dillingham
Jalen Duren,DET,2021-22,4714472,112414000,4.19,jalen duren
Ochai Agbaji,BRK,2021-22,4642031,112414000,4.13,ochai agbaji
Collin Murray-Boyles,TOR,2021-22,4604940,112414000,4.1,collin murray-boyles
Mark Williams,PHO,2021-22,4564226,112414000,4.06,mark williams
Day'Ron Sharpe,BRK,2021-22,4544933,112414000,4.04,day'ron sharpe
Ziaire Williams,BRK,2021-22,4544933,112414000,4.04,ziaire williams
John Konchar,UTA,2021-22,4483122,112414000,3.99,john konchar
Taylor Hendricks,MEM,2021-22,4455547,112414000,3.96,taylor hendricks
Saddiq Bey,NOP,2021-22,4449412,112414000,3.96,saddiq bey
Zach Edey,MEM,2021-22,4395859,112414000,3.91,zach edey
Khaman Maluach,PHO,2021-22,4374829,112414000,3.89,khaman maluach
Jaden Hardy,WAS,2021-22,4363135,112414000,3.88,jaden hardy
Jake LaRavia,LAL,2021-22,4363135,112414000,3.88,jake laravia
Cam Thomas,BRK,2021-22,4972359,112414000,4.42,cam thomas
Cason Wallace,OKC,2021-22,4232416,112414000,3.77,cason wallace
Cody Williams,UTA,2021-22,4175870,112414000,3.71,cody williams
Cedric Coward,MEM,2021-22,4155974,112414000,3.7,cedric coward
D'Angelo Russell,WAS,2021-22,4134071,112414000,3.68,d'angelo russell
Al Horford,GSW,2021-22,4134071,112414000,3.68,al horford
Tari Eason,HOU,2021-22,4127356,112414000,3.67,tari eason
Haywood Highsmith,BRK,2021-22,4685996,112414000,4.17,haywood highsmith
Nicolas Batum,LAC,2021-22,4073423,112414000,3.62,nicolas batum
Jett Howard,ORL,2021-22,4021153,112414000,3.58,jett howard
Guerschon Yabusele,CHI,2021-22,3999541,112414000,3.56,guerschon yabusele
Matas Buzelis,CHI,2021-22,3967224,112414000,3.53,matas buzelis
Noa Essengue,CHI,2021-22,3948288,112414000,3.51,noa essengue
Kris Dunn,LAC,2021-22,3946020,112414000,3.51,kris dunn
Dario Šarić,DET,2021-22,3946020,112414000,3.51,dario šarić
Dalen Terry,NOP,2021-22,3926180,112414000,3.49,dalen terry
Bradley Beal,LAC,2021-22,17988487,112414000,16.0,bradley beal
Paul Reed,DET,2021-22,3880205,112414000,3.45,paul reed
Dereck Lively II,DAL,2021-22,3820187,112414000,3.4,dereck lively ii
Nikola Topić,OKC,2021-22,3768964,112414000,3.35,nikola topić
Derik Queen,NOP,2021-22,3750813,112414000,3.34,derik queen
Kevin Porter Jr.,MIL,2021-22,3733389,112414000,3.32,kevin porter jr.
Marcus Smart,LAL,2021-22,14486231,112414000,12.89,marcus smart
Andre Drummond,PHI,2021-22,3635946,112414000,3.23,andre drummond
Moritz Wagner,ORL,2021-22,3635946,112414000,3.23,moritz wagner
Nick Richards,CHI,2021-22,3635946,112414000,3.23,nick richards
Gradey Dick,TOR,2021-22,3629081,112414000,3.23,gradey dick
Malaki Branham,CHO,2021-22,3608337,112414000,3.21,malaki branham
Devin Carter,SAC,2021-22,3580476,112414000,3.19,devin carter
Christian Braun,DEN,2021-22,3579078,112414000,3.18,christian braun
Carter Bryant,SAS,2021-22,3563460,112414000,3.17,carter bryant
Walker Kessler,UTA,2021-22,3547911,112414000,3.16,walker kessler
Jordan Hawkins,NOP,2021-22,3447837,112414000,3.07,jordan hawkins
Bub Carrington,WAS,2021-22,3401500,112414000,3.03,bub carrington
Thomas Sorber,OKC,2021-22,3385095,112414000,3.01,thomas sorber
Kobe Bufkin,BRK,2021-22,3985213,112414000,3.55,kobe bufkin
Jose Alvarado,NYK,2021-22,3272351,112414000,2.91,jose alvarado
Nikola Jović,MIA,2021-22,3232659,112414000,2.88,nikola jović
Kel'el Ware,MIA,2021-22,3231163,112414000,2.87,kel'el ware
Yang Hansen,POR,2021-22,3215893,112414000,2.86,yang hansen
Peyton Watson,DEN,2021-22,3167982,112414000,2.82,peyton watson
Miles McBride,NYK,2021-22,3151153,112414000,2.8,miles mcbride
Keyonte George,UTA,2021-22,3111614,112414000,2.77,keyonte george
Jared McCain,OKC,2021-22,3069727,112414000,2.73,jared mccain
Joan Beringer,MIN,2021-22,3054980,112414000,2.72,joan beringer
Kevin Love,UTA,2021-22,3017835,112414000,2.68,kevin love
Dalton Knecht,LAL,2021-22,2916145,112414000,2.59,dalton knecht
Ryan Rollins,MIL,2021-22,2908757,112414000,2.59,ryan rollins
Dwight Powell,DAL,2021-22,2908757,112414000,2.59,dwight powell
Walter Clayton,MEM,2021-22,2902445,112414000,2.58,walter clayton
Jaime Jaquez Jr.,MIA,2021-22,2808114,112414000,2.5,jaime jaquez jr.
Nolan Traoré,BRK,2021-22,2771725,112414000,2.47,nolan traoré
Daniss Jenkins,DET,2021-22,2770245,112414000,2.46,daniss jenkins
Tristan Da Silva,ORL,2021-22,2770242,112414000,2.46,tristan da silva
Cole Anthony,MEM,2021-22,4360426,112414000,3.88,cole anthony
Gary Trent Jr.,MIL,2021-22,2688495,112414000,2.39,gary trent jr.
Brandin Podziemski,GSW,2021-22,2681845,112414000,2.39,brandin podziemski
Svi Mykhailiuk,UTA,2021-22,2672420,112414000,2.38,svi mykhailiuk
Kasparas Jakučionis,MIA,2021-22,2660640,112414000,2.37,kasparas jakučionis
Ja'Kobe Walter,TOR,2021-22,2645631,112414000,2.35,ja'kobe walter
Gary Harris,MIL,2021-22,2642717,112414000,2.35,gary harris
Cam Whitmore,WAS,2021-22,2574075,112414000,2.29,cam whitmore
Will Riley,WAS,2021-22,2554267,112414000,2.27,will riley
Jaylon Tyson,CLE,2021-22,2539694,112414000,2.26,jaylon tyson
Jaxson Hayes,LAL,2021-22,2508311,112414000,2.23,jaxson hayes
Dominick Barlow,PHI,2021-22,2483351,112414000,2.21,dominick barlow
Noah Clowney,BRK,2021-22,2471454,112414000,2.2,noah clowney
Drake Powell,BRK,2021-22,2452257,112414000,2.18,drake powell
Yves Missi,NOP,2021-22,2438295,112414000,2.17,yves missi
Blake Wesley,WAS,2021-22,4104061,112414000,3.65,blake wesley
Taurean Prince,MIL,2021-22,2402469,112414000,2.14,taurean prince
Dariq Whitehead,BRK,2021-22,2372498,112414000,2.11,dariq whitehead
Asa Newell,ATL,2021-22,2354261,112414000,2.09,asa newell
DaRon Holmes,DEN,2021-22,2340648,112414000,2.08,daron holmes
Kris Murray,POR,2021-22,2277557,112414000,2.03,kris murray
Nique Clifford,SAC,2021-22,2260191,112414000,2.01,nique clifford
Nassir Little,PHO,2021-22,2259481,112414000,2.01,nassir little
AJ Johnson,DAL,2021-22,2247364,112414000,2.0,aj johnson
De'Anthony Melton,GSW,2021-22,2240413,112414000,1.99,de'anthony melton
Kyle Filipowski,UTA,2021-22,2181568,112414000,1.94,kyle filipowski
Ajay Mitchell,OKC,2021-22,2181568,112414000,1.94,ajay mitchell
Julian Champagnie,SAS,2021-22,2181568,112414000,1.94,julian champagnie
Jase Richardson,ORL,2021-22,2169438,112414000,1.93,jase richardson
Kyshawn George,WAS,2021-22,2157396,112414000,1.92,kyshawn george
Tony Bradley,IND,2021-22,2330508,112414000,2.07,tony bradley
Marcus Sasser,DET,2021-22,2099192,112414000,1.87,marcus sasser
Ben Saraf,BRK,2021-22,2097621,112414000,1.87,ben saraf
Pacôme Dadiet,NYK,2021-22,2070744,112414000,1.84,pacôme dadiet
Danny Wolf,BRK,2021-22,2037061,112414000,1.81,danny wolf
Ben Sheppard,IND,2021-22,2029382,112414000,1.81,ben sheppard
Hugo González,BOS,2021-22,2024408,112414000,1.8,hugo gonzález
Liam McNeeley,CHO,2021-22,2009922,112414000,1.79,liam mcneeley
Dillon Jones,WAS,2021-22,2002156,112414000,1.78,dillon jones
Yanic Konan Niederhäuser,LAC,2021-22,1995262,112414000,1.77,yanic konan niederhäuser
Nick Smith Jr.,CHO,2021-22,1971177,112414000,1.75,nick smith jr.
Brice Sensabaugh,UTA,2021-22,1958873,112414000,1.74,brice sensabaugh
Julian Strawther,DEN,2021-22,1944649,112414000,1.73,julian strawther
Terrence Shannon Jr.,MIN,2021-22,1944562,112414000,1.73,terrence shannon jr.
Ryan Dunn,PHO,2021-22,1932694,112414000,1.72,ryan dunn
Kobe Brown,IND,2021-22,1930600,112414000,1.72,kobe brown
Isaiah Collier,UTA,2021-22,1918471,112414000,1.71,isaiah collier
Baylor Scheierman,BOS,2021-22,1904509,112414000,1.69,baylor scheierman
Xavier Tillman Sr.,CHO,2021-22,1851915,112414000,1.65,xavier tillman sr.
Cam Spencer,MEM,2021-22,1845598,112414000,1.64,cam spencer
Luka Garza,BOS,2021-22,1789949,112414000,1.59,luka garza
Sandro Mamukelashvili,TOR,2021-22,1789949,112414000,1.59,sandro mamukelashvili
Trendon Watford,PHI,2021-22,1789949,112414000,1.59,trendon watford
Jericho Sims,MIL,2021-22,1789949,112414000,1.59,jericho sims
Dru Smith,MIA,2021-22,1729889,112414000,1.54,dru smith
Josh Minott,BRK,2021-22,1729889,112414000,1.54,josh minott
Justin Champagnie,WAS,2021-22,1708588,112414000,1.52,justin champagnie
Jordan Goodwin,PHO,2021-22,1708588,112414000,1.52,jordan goodwin
Jay Huff,IND,2021-22,1708588,112414000,1.52,jay huff
Keon Johnson,BRK,2021-22,1708588,112414000,1.52,keon johnson
Vít Krejčí,POR,2021-22,1708588,112414000,1.52,vít krejčí
Neemias Queta,BOS,2021-22,1708588,112414000,1.52,neemias queta
A.J. Green,MIL,2021-22,1673689,112414000,1.49,a.j. green
Vince Williams Jr.,UTA,2021-22,1673689,112414000,1.49,vince williams jr.
Keon Ellis,CLE,2021-22,1673689,112414000,1.49,keon ellis
Ryan Kalkbrenner,CHO,2021-22,1669826,112414000,1.49,ryan kalkbrenner
Sion James,CHO,2021-22,1669826,112414000,1.49,sion james
Danté Exum,WAS,2021-22,1669826,112414000,1.49,danté exum
Anthony Gill,WAS,2021-22,1669826,112414000,1.49,anthony gill
Chris Boucher,UTA,2021-22,1669826,112414000,1.49,chris boucher
Chris Paul,TOR,2021-22,1669826,112414000,1.49,chris paul
Garrett Temple,TOR,2021-22,1669826,112414000,1.49,garrett temple
Bismack Biyombo,SAS,2021-22,1669826,112414000,1.49,bismack biyombo
Lindy Waters III,SAS,2021-22,1669826,112414000,1.49,lindy waters iii
Jordan McLaughlin,SAS,2021-22,1669826,112414000,1.49,jordan mclaughlin
Russell Westbrook,SAC,2021-22,1669826,112414000,1.49,russell westbrook
Doug McDermott,SAC,2021-22,1669826,112414000,1.49,doug mcdermott
Drew Eubanks,SAC,2021-22,1669826,112414000,1.49,drew eubanks
Blake Wesley,POR,2021-22,4104061,112414000,3.65,blake wesley
Cole Anthony,PHO,2021-22,4360426,112414000,3.88,cole anthony
Amir Coffey,PHO,2021-22,1669826,112414000,1.49,amir coffey
Collin Gillespie,PHO,2021-22,1669826,112414000,1.49,collin gillespie
Kyle Lowry,PHI,2021-22,1669826,112414000,1.49,kyle lowry
Mason Plumlee,OKC,2021-22,2197644,112414000,1.95,mason plumlee
Landry Shamet,NYK,2021-22,1669826,112414000,1.49,landry shamet
Jordan Clarkson,NYK,2021-22,9415526,112414000,8.38,jordan clarkson
Bones Hyland,MIN,2021-22,1669826,112414000,1.49,bones hyland
Joe Ingles,MIN,2021-22,1669826,112414000,1.49,joe ingles
Thanasis Antetokounmpo,MIL,2021-22,1669826,112414000,1.49,thanasis antetokounmpo
Eric Gordon,MEM,2021-22,1669826,112414000,1.49,eric gordon
Josh Okogie,HOU,2021-22,1669826,112414000,1.49,josh okogie
Jeff Green,HOU,2021-22,1669826,112414000,1.49,jeff green
Aaron Holiday,HOU,2021-22,1669826,112414000,1.49,aaron holiday
Jae'Sean Tate,HOU,2021-22,1669826,112414000,1.49,jae'sean tate
Gary Payton II,GSW,2021-22,1669826,112414000,1.49,gary payton ii
Javonte Green,DET,2021-22,1669826,112414000,1.49,javonte green
Tim Hardaway Jr.,DEN,2021-22,1669826,112414000,1.49,tim hardaway jr.
Bruce Brown,DEN,2021-22,1669826,112414000,1.49,bruce brown
Marvin Bagley III,DAL,2021-22,1669826,112414000,1.49,marvin bagley iii
Thomas Bryant,CLE,2021-22,1669826,112414000,1.49,thomas bryant
Larry Nance Jr.,CLE,2021-22,1669826,112414000,1.49,larry nance jr.
Keaton Wallace,ATL,2021-22,1669826,112414000,1.49,keaton wallace
Jock Landale,ATL,2021-22,1669826,112414000,1.49,jock landale
Scotty Pippen Jr.,MEM,2021-22,1651254,112414000,1.47,scotty pippen jr.
JD Davison,BOS,2021-22,1651254,112414000,1.47,jd davison
Brandon Williams,DAL,2021-22,1651254,112414000,1.47,brandon williams
Moussa Diabaté,CHO,2021-22,1651254,112414000,1.47,moussa diabaté
DeAndre Jordan,NOP,2021-22,1650632,112414000,1.47,deandre jordan
Toumani Camara,POR,2021-22,1615580,112414000,1.44,toumani camara
Rayan Rupert,POR,2021-22,1711547,112414000,1.52,rayan rupert
Julian Phillips,MIN,2021-22,1615580,112414000,1.44,julian phillips
GG Jackson II,MEM,2021-22,1615580,112414000,1.44,gg jackson ii
Gui Santos,GSW,2021-22,1615580,112414000,1.44,gui santos
Jalen Pickett,DEN,2021-22,1615580,112414000,1.44,jalen pickett
Hunter Tyson,BRK,2021-22,1615580,112414000,1.44,hunter tyson
Jalen Wilson,BRK,2021-22,1615580,112414000,1.44,jalen wilson
Jordan Walsh,BOS,2021-22,1615580,112414000,1.44,jordan walsh
Trayce Jackson-Davis,TOR,2021-22,1615580,112414000,1.44,trayce jackson-davis
Andre Jackson Jr.,MIL,2021-22,1615580,112414000,1.44,andre jackson jr.
Craig Porter Jr.,CLE,2021-22,1615580,112414000,1.44,craig porter jr.
Leonard Miller,CHI,2021-22,1615580,112414000,1.44,leonard miller
Duop Reath,ATL,2021-22,1615580,112414000,1.44,duop reath
Mouhamed Gueye,ATL,2021-22,1615580,112414000,1.44,mouhamed gueye
JaVale McGee,DAL,2021-22,1606256,112414000,1.43,javale mcgee
Tyler Kolek,NYK,2021-22,1593924,112414000,1.42,tyler kolek
Jaylen Clark,MIN,2021-22,1593924,112414000,1.42,jaylen clark
Tyrese Martin,BRK,2021-22,1593924,112414000,1.42,tyrese martin
Precious Achiuwa,SAC,2021-22,1535472,112414000,1.37,precious achiuwa
Justin Edwards,PHI,2021-22,1489643,112414000,1.33,justin edwards
Nigel Hayes-Davis,MIL,2021-22,1489643,112414000,1.33,nigel hayes-davis
N'Faly Dante,ATL,2021-22,1489643,112414000,1.33,n'faly dante
Johnny Furphy,IND,2021-22,1421929,112414000,1.26,johnny furphy
Jonathan Mogbo,TOR,2021-22,1421929,112414000,1.26,jonathan mogbo
Jamal Shead,TOR,2021-22,1421929,112414000,1.26,jamal shead
Oso Ighodaro,PHO,2021-22,1421929,112414000,1.26,oso ighodaro
Ariel Hukporti,NYK,2021-22,1421929,112414000,1.26,ariel hukporti
Karlo Matković,NOP,2021-22,1421929,112414000,1.26,karlo matković
Tyler Smith,MIL,2021-22,1421929,112414000,1.26,tyler smith
Keshad Johnson,MIA,2021-22,1421929,112414000,1.26,keshad johnson
Jaylen Wells,MEM,2021-22,1421929,112414000,1.26,jaylen wells
Bronny James,LAL,2021-22,1421929,112414000,1.26,bronny james
Cam Christie,LAC,2021-22,1421929,112414000,1.26,cam christie
Quinten Post,GSW,2021-22,1421929,112414000,1.26,quinten post
Bobi Klintman,DET,2021-22,1421929,112414000,1.26,bobi klintman
Isaac Jones,DET,2021-22,1421929,112414000,1.26,isaac jones
Drew Timme,BRK,2021-22,1421929,112414000,1.26,drew timme
Jamison Battle,TOR,2021-22,1421929,112414000,1.26,jamison battle
Adem Bona,PHI,2021-22,1421929,112414000,1.26,adem bona
Pelle Larsson,MIA,2021-22,1421929,112414000,1.26,pelle larsson
Seth Curry,GSW,2021-22,1276361,112414000,1.14,seth curry
Micah Potter,IND,2021-22,1111003,112414000,0.99,micah potter
Chaz Lanier,DET,2021-22,998336,112414000,0.89,chaz lanier
Pat Connaughton,CHO,2021-22,7809782,112414000,6.95,pat connaughton
Rasheer Fleming,PHO,2021-22,925617,112414000,0.82,rasheer fleming
Maxime Raynaud,SAC,2021-22,925617,112414000,0.82,maxime raynaud
Johni Broome,PHI,2021-22,925617,112414000,0.82,johni broome
Noah Penda,ORL,2021-22,925617,112414000,0.82,noah penda
Micah Peavy,NOP,2021-22,925617,112414000,0.82,micah peavy
Adou Thiero,LAL,2021-22,925617,112414000,0.82,adou thiero
Will Richard,GSW,2021-22,925617,112414000,0.82,will richard
Tyrese Proctor,CLE,2021-22,925617,112414000,0.82,tyrese proctor
Mohamed Diawara,NYK,2021-22,925617,112414000,0.82,mohamed diawara
Kam Jones,IND,2021-22,925617,112414000,0.82,kam jones
Nikola Djurisic,ATL,2021-22,925617,112414000,0.82,nikola djurisic
Olivier-Maxence Prosper,DAL,2021-22,728905,112414000,0.65,olivier-maxence prosper
James Wiseman,IND,2021-22,823156,112414000,0.73,james wiseman
Jevon Carter,ORL,2021-22,5585194,112414000,4.97,jevon carter
Pat Spencer,GSW,2021-22,623786,112414000,0.55,pat spencer
Kobe Bufkin,LAL,2021-22,3985213,112414000,3.55,kobe bufkin
Cam Thomas,MIL,2021-22,4972359,112414000,4.42,cam thomas
Haywood Highsmith,PHO,2021-22,4685996,112414000,4.17,haywood highsmith
Jeremy Sochan,NYK,2021-22,5726508,112414000,5.09,jeremy sochan
Mike Conley,MIN,2021-22,8362583,112414000,7.44,mike conley
Bryce McGowens,NOP,2021-22,526920,112414000,0.47,bryce mcgowens
Jabari Walker,PHI,2021-22,526920,112414000,0.47,jabari walker
Nae'Qwan Tomlin,CLE,2021-22,522231,112414000,0.46,nae'qwan tomlin
Jordan Miller,LAC,2021-22,518222,112414000,0.46,jordan miller
Cameron Payne,PHI,2021-22,518222,112414000,0.46,cameron payne
E.J. Liddell,PHO,2021-22,514049,112414000,0.46,e.j. liddell
Caleb Houstan,ATL,2021-22,508625,112414000,0.45,caleb houstan
Sidy Cissoko,POR,2021-22,499029,112414000,0.44,sidy cissoko
Vasilije Micić,MIL,2021-22,484793,112414000,0.43,vasilije micić
Spencer Jones,DEN,2021-22,453742,112414000,0.4,spencer jones
Mason Plumlee,SAS,2021-22,2197644,112414000,1.95,mason plumlee
Amari Williams,BOS,2021-22,356416,112414000,0.32,amari williams
Kobe Sanders,LAC,2021-22,345776,112414000,0.31,kobe sanders
Mamadi Diakite,MEM,2021-22,337452,112414000,0.3,mamadi diakite
Ricky Rubio,CLE,2021-22,308817,112414000,0.27,ricky rubio
Myron Gardner,MIA,2021-22,287261,112414000,0.26,myron gardner
Jeremiah Robinson-Earl,IND,2021-22,95967,112414000,0.09,jeremiah robinson-earl
Monte Morris,IND,2021-22,233562,112414000,0.21,monte morris
Garrison Mathews,IND,2021-22,312201,112414000,0.28,garrison mathews
Didi Louzada,POR,2021-22,194910,112414000,0.17,didi louzada
Mo Bamba,TOR,2021-22,333570,112414000,0.3,mo bamba
Mac McClung,IND,2021-22,119303,112414000,0.11,mac mcclung
Kobe Bufkin,LAL,2021-22,3985213,112414000,3.55,kobe bufkin
Tony Bradley,IND,2021-22,2330508,112414000,2.07,tony bradley
Tony Bradley,IND,2021-22,2330508,112414000,2.07,tony bradley
James Wiseman,IND,2021-22,823156,112414000,0.73,james wiseman
Mason Plumlee,SAS,2021-22,2197644,112414000,1.95,mason plumlee
Jeremiah Robinson-Earl,IND,2021-22,95967,112414000,0.09,jeremiah robinson-earl
Jeremiah Robinson-Earl,IND,2021-22,95967,112414000,0.09,jeremiah robinson-earl
Garrison Mathews,IND,2021-22,312201,112414000,0.28,garrison mathews
Garrison Mathews,IND,2021-22,312201,112414000,0.28,garrison mathews
Mo Bamba,UTA,2021-22,333570,112414000,0.3,mo bamba
Mo Bamba,UTA,2021-22,333570,112414000,0.3,mo bamba
Killian Hayes,SAC,2021-22,191934,112414000,0.17,killian hayes
Killian Hayes,SAC,2021-22,191934,112414000,0.17,killian hayes
Charles Bassey,PHI,2021-22,191934,112414000,0.17,charles bassey
Charles Bassey,PHI,2021-22,191934,112414000,0.17,charles bassey
Christian Koloko,MEM,2021-22,191934,112414000,0.17,christian koloko
Christian Koloko,MEM,2021-22,191934,112414000,0.17,christian koloko
Alondes Williams,WAS,2021-22,95967,112414000,0.09,alondes williams
Skal Labissière,WAS,2021-22,95967,112414000,0.09,skal labissière
Patrick Baldwin Jr.,PHI,2021-22,191934,112414000,0.17,patrick baldwin jr.
Rayan Rupert,MEM,2021-22,1711547,112414000,1.52,rayan rupert
Kobe Bufkin,MEM,2021-22,3985213,112414000,3.55,kobe bufkin
Charles Bassey,MEM,2021-22,191934,112414000,0.17,charles bassey
Dalano Banton,LAC,2021-22,191934,112414000,0.17,dalano banton
Patrick Baldwin Jr.,LAC,2021-22,191934,112414000,0.17,patrick baldwin jr.
Jeremiah Robinson-Earl,DAL,2021-22,95967,112414000,0.09,jeremiah robinson-earl
Dalano Banton,BOS,2021-22,191934,112414000,0.17,dalano banton
Adama-Alpha Bal,MEM,2021-22,85114,112414000,0.08,adama-alpha bal
Adama-Alpha Bal,MEM,2021-22,85114,112414000,0.08,adama-alpha bal
Stephen Curry,GSW,2022-23,47679824,123655000,38.56,stephen curry
Joel Embiid,PHI,2022-23,44174405,123655000,35.72,joel embiid
Nikola Jokić,DEN,2022-23,44174405,123655000,35.72,nikola jokić
Kevin Durant,HOU,2022-23,43761720,123655000,35.39,kevin durant
Jayson Tatum,BOS,2022-23,43296048,123655000,35.01,jayson tatum
Anthony Davis,WAS,2022-23,43296048,123655000,35.01,anthony davis
Giannis Antetokounmpo,MIL,2022-23,43296048,123655000,35.01,giannis antetokounmpo
Jimmy Butler,GSW,2022-23,43296048,123655000,35.01,jimmy butler
Jaylen Brown,BOS,2022-23,42508792,123655000,34.38,jaylen brown
Devin Booker,PHO,2022-23,42508792,123655000,34.38,devin booker
Karl-Anthony Towns,NYK,2022-23,42508792,123655000,34.38,karl-anthony towns
LeBron James,LAL,2022-23,42096752,123655000,34.04,lebron james
Paul George,PHI,2022-23,41327992,123655000,33.42,paul george
Kawhi Leonard,LAC,2022-23,39995278,123655000,32.34,kawhi leonard
Zach LaVine,SAC,2022-23,37995242,123655000,30.73,zach lavine
Cade Cunningham,DET,2022-23,37110898,123655000,30.01,cade cunningham
Evan Mobley,CLE,2022-23,37110898,123655000,30.01,evan mobley
Jamal Murray,DEN,2022-23,37110898,123655000,30.01,jamal murray
Lauri Markkanen,UTA,2022-23,37110898,123655000,30.01,lauri markkanen
Donovan Mitchell,CLE,2022-23,37110898,123655000,30.01,donovan mitchell
Trae Young,WAS,2022-23,37110898,123655000,30.01,trae young
Luka Dončić,LAL,2022-23,36795384,123655000,29.76,luka dončić
Anthony Edwards,MIN,2022-23,36436108,123655000,29.47,anthony edwards
Tyrese Haliburton,IND,2022-23,36436108,123655000,29.47,tyrese haliburton
Pascal Siakam,IND,2022-23,36436108,123655000,29.47,pascal siakam
Domantas Sabonis,SAC,2022-23,33864802,123655000,27.39,domantas sabonis
OG Anunoby,NYK,2022-23,31651436,123655000,25.6,og anunoby
Zion Williamson,NOP,2022-23,31553147,123655000,25.52,zion williamson
Ja Morant,MEM,2022-23,31553147,123655000,25.52,ja morant
Darius Garland,LAC,2022-23,31553147,123655000,25.52,darius garland
James Harden,CLE,2022-23,31342454,123655000,25.35,james harden
Scottie Barnes,TOR,2022-23,30925749,123655000,25.01,scottie barnes
Franz Wagner,ORL,2022-23,30925749,123655000,25.01,franz wagner
Shai Gilgeous-Alexander,OKC,2022-23,30662820,123655000,24.8,shai gilgeous-alexander
Michael Porter Jr.,BRK,2022-23,30662820,123655000,24.8,michael porter jr.
Brandon Ingram,TOR,2022-23,30472592,123655000,24.64,brandon ingram
Tyrese Maxey,PHI,2022-23,30363423,123655000,24.55,tyrese maxey
LaMelo Ball,CHO,2022-23,30363423,123655000,24.55,lamelo ball
De'Aaron Fox,SAS,2022-23,29673792,123655000,24.0,de'aaron fox
Bam Adebayo,MIA,2022-23,29673792,123655000,24.0,bam adebayo
Desmond Bane,ORL,2022-23,29377067,123655000,23.76,desmond bane
Kyrie Irving,DAL,2022-23,29249348,123655000,23.65,kyrie irving
Jaren Jackson Jr.,UTA,2022-23,27996694,123655000,22.64,jaren jackson jr.
Jalen Suggs,ORL,2022-23,27996694,123655000,22.64,jalen suggs
Rudy Gobert,MIN,2022-23,27996694,123655000,22.64,rudy gobert
Jalen Brunson,NYK,2022-23,27951901,123655000,22.6,jalen brunson
Alperen Şengün,HOU,2022-23,27152757,123655000,21.96,alperen şengün
Jalen Green,PHO,2022-23,26864427,123655000,21.73,jalen green
Khris Middleton,DAL,2022-23,26633892,123655000,21.54,khris middleton
Immanuel Quickley,TOR,2022-23,25996931,123655000,21.02,immanuel quickley
Jrue Holiday,POR,2022-23,25916940,123655000,20.96,jrue holiday
Jerami Grant,POR,2022-23,25596979,123655000,20.7,jerami grant
Jordan Poole,NOP,2022-23,25475564,123655000,20.6,jordan poole
Tyler Herro,MIA,2022-23,24797072,123655000,20.05,tyler herro
Julius Randle,MIN,2022-23,24688443,123655000,19.97,julius randle
Dejounte Murray,NOP,2022-23,24637973,123655000,19.92,dejounte murray
Kristaps Porziņģis,GSW,2022-23,24582463,123655000,19.88,kristaps porziņģis
CJ McCollum,ATL,2022-23,24530436,123655000,19.84,cj mccollum
Jalen Johnson,ATL,2022-23,23997167,123655000,19.41,jalen johnson
Isaiah Hartenstein,OKC,2022-23,22797308,123655000,18.44,isaiah hartenstein
Andrew Wiggins,MIA,2022-23,22575906,123655000,18.26,andrew wiggins
Derrick White,BOS,2022-23,22477346,123655000,18.18,derrick white
RJ Barrett,TOR,2022-23,22161669,123655000,17.92,rj barrett
Anfernee Simons,CHI,2022-23,22140243,123655000,17.9,anfernee simons
Devin Vassell,SAS,2022-23,21597450,123655000,17.47,devin vassell
Terry Rozier,MIA,2022-23,21311908,123655000,17.23,terry rozier
Tobias Harris,DET,2022-23,21304801,123655000,17.23,tobias harris
John Collins,LAC,2022-23,21261490,123655000,17.19,john collins
Draymond Green,GSW,2022-23,20711840,123655000,16.75,draymond green
Deandre Ayton,POR,2022-23,26920673,123655000,21.77,deandre ayton
Nic Claxton,BRK,2022-23,20279423,123655000,16.4,nic claxton
Myles Turner,MIL,2022-23,20252210,123655000,16.38,myles turner
Trey Murphy III,NOP,2022-23,19997639,123655000,16.17,trey murphy iii
Josh Giddey,CHI,2022-23,19997639,123655000,16.17,josh giddey
Miles Bridges,CHO,2022-23,19997639,123655000,16.17,miles bridges
Fred VanVleet,HOU,2022-23,19997639,123655000,16.17,fred vanvleet
Mikal Bridges,NYK,2022-23,19917648,123655000,16.11,mikal bridges
DeMar DeRozan,SAC,2022-23,19653679,123655000,15.89,demar derozan
Jaden McDaniels,MIN,2022-23,19512179,123655000,15.78,jaden mcdaniels
Jonathan Kuminga,ATL,2022-23,19037407,123655000,15.4,jonathan kuminga
De'Andre Hunter,SAC,2022-23,18640656,123655000,15.07,de'andre hunter
Aaron Gordon,DEN,2022-23,18271007,123655000,14.78,aaron gordon
Damian Lillard,MIL,2022-23,29293024,123655000,23.69,damian lillard
Kyle Kuzma,MIL,2022-23,17926367,123655000,14.5,kyle kuzma
Kentavious Caldwell-Pope,MEM,2022-23,17295158,123655000,13.99,kentavious caldwell-pope
Naz Reid,MIN,2022-23,17239344,123655000,13.94,naz reid
Nikola Vučević,BOS,2022-23,17183156,123655000,13.9,nikola vučević
Dillon Brooks,PHO,2022-23,16897293,123655000,13.66,dillon brooks
Cameron Johnson,DEN,2022-23,16843663,123655000,13.62,cameron johnson
Norman Powell,MIA,2022-23,16384272,123655000,13.25,norman powell
Jarrett Allen,CLE,2022-23,15998111,123655000,12.94,jarrett allen
Jakob Poeltl,TOR,2022-23,15598158,123655000,12.61,jakob poeltl
Josh Hart,NYK,2022-23,15575953,123655000,12.6,josh hart
Bradley Beal,PHO,2022-23,19787272,123655000,16.0,bradley beal
Jusuf Nurkić,UTA,2022-23,15498170,123655000,12.53,jusuf nurkić
Harrison Barnes,SAS,2022-23,15198206,123655000,12.29,harrison barnes
Collin Sexton,CHI,2022-23,15178208,123655000,12.27,collin sexton
Ivica Zubac,IND,2022-23,15113400,123655000,12.22,ivica zubac
Malik Monk,SAC,2022-23,15036320,123655000,12.16,malik monk
Santi Aldama,MEM,2022-23,14786987,123655000,11.96,santi aldama
Rui Hachimura,LAL,2022-23,14605683,123655000,11.81,rui hachimura
Luguentz Dort,OKC,2022-23,14576057,123655000,11.79,luguentz dort
Alex Caruso,OKC,2022-23,14479890,123655000,11.71,alex caruso
Andrew Nembhard,IND,2022-23,14479890,123655000,11.71,andrew nembhard
Zach Collins,CHI,2022-23,14462689,123655000,11.7,zach collins
Patrick Williams,CHI,2022-23,14398300,123655000,11.64,patrick williams
Kevin Huerter,DET,2022-23,14391158,123655000,11.64,kevin huerter
Keldon Johnson,SAS,2022-23,13998347,123655000,11.32,keldon johnson
Grayson Allen,PHO,2022-23,13498406,123655000,10.92,grayson allen
Duncan Robinson,DET,2022-23,13466164,123655000,10.89,duncan robinson
Klay Thompson,DAL,2022-23,13331760,123655000,10.78,klay thompson
Bogdan Bogdanović,LAC,2022-23,12814487,123655000,10.36,bogdan bogdanović
Max Strus,CLE,2022-23,12747656,123655000,10.31,max strus
Terance Mann,BRK,2022-23,12398536,123655000,10.03,terance mann
Paolo Banchero,ORL,2022-23,12266367,123655000,9.92,paolo banchero
Nickeil Alexander-Walker,ATL,2022-23,12128008,123655000,9.81,nickeil alexander-walker
Onyeka Okongwu,ATL,2022-23,11998583,123655000,9.7,onyeka okongwu
Jonathan Isaac,ORL,2022-23,11998583,123655000,9.7,jonathan isaac
Isaiah Stewart,DET,2022-23,11998583,123655000,9.7,isaiah stewart
Marcus Smart,WAS,2022-23,15934803,123655000,12.89,marcus smart
Daniel Gafford,DAL,2022-23,11507697,123655000,9.31,daniel gafford
Deni Avdija,POR,2022-23,11498642,123655000,9.3,deni avdija
P.J. Washington,DAL,2022-23,11320403,123655000,9.15,p.j. washington
Steven Adams,HOU,2022-23,11303013,123655000,9.14,steven adams
Caris LeVert,DET,2022-23,11281868,123655000,9.12,caris levert
Dennis Schröder,CLE,2022-23,11281868,123655000,9.12,dennis schröder
Damian Lillard,POR,2022-23,29293024,123655000,23.69,damian lillard
Obi Toppin,IND,2022-23,11198678,123655000,9.06,obi toppin
Corey Kispert,ATL,2022-23,11178680,123655000,9.04,corey kispert
Herbert Jones,NOP,2022-23,11148743,123655000,9.02,herbert jones
Austin Reaves,LAL,2022-23,11148743,123655000,9.02,austin reaves
Cooper Flagg,DAL,2022-23,11059430,123655000,8.94,cooper flagg
Chet Holmgren,OKC,2022-23,10983798,123655000,8.88,chet holmgren
Josh Green,CHO,2022-23,10932043,123655000,8.84,josh green
Grant Williams,CHO,2022-23,10915111,123655000,8.83,grant williams
Bobby Portis,MIL,2022-23,10755333,123655000,8.7,bobby portis
Kelly Olynyk,SAS,2022-23,10754828,123655000,8.7,kelly olynyk
Victor Wembanyama,SAS,2022-23,10700241,123655000,8.65,victor wembanyama
Robert Williams,POR,2022-23,10627316,123655000,8.59,robert williams
Zaccharie Risacher,ATL,2022-23,10556930,123655000,8.54,zaccharie risacher
Mitchell Robinson,NYK,2022-23,10362413,123655000,8.38,mitchell robinson
Coby White,CHO,2022-23,10309894,123655000,8.34,coby white
Dorian Finney-Smith,HOU,2022-23,10158801,123655000,8.22,dorian finney-smith
Brandon Clarke,MEM,2022-23,9998819,123655000,8.09,brandon clarke
Dylan Harper,SAS,2022-23,9895088,123655000,8.0,dylan harper
Isaiah Joe,OKC,2022-23,9888703,123655000,8.0,isaiah joe
Jabari Smith Jr.,HOU,2022-23,9879147,123655000,7.99,jabari smith jr.
Donte DiVincenzo,MIN,2022-23,9590868,123655000,7.76,donte divincenzo
Brandon Miller,CHO,2022-23,9573910,123655000,7.74,brandon miller
Alex Sarr,WAS,2022-23,9445477,123655000,7.64,alex sarr
Davion Mitchell,MIA,2022-23,9278904,123655000,7.5,davion mitchell
Moses Moody,GSW,2022-23,9258167,123655000,7.49,moses moody
Jarred Vanderbilt,LAL,2022-23,9256050,123655000,7.49,jarred vanderbilt
Matisse Thybulle,POR,2022-23,9238909,123655000,7.47,matisse thybulle
Gabe Vincent,ATL,2022-23,9198914,123655000,7.44,gabe vincent
Keegan Murray,SAC,2022-23,8914222,123655000,7.21,keegan murray
VJ Edgecombe,PHI,2022-23,8886055,123655000,7.19,vj edgecombe
Aaron Nesmith,IND,2022-23,8798961,123655000,7.12,aaron nesmith
Luke Kornet,SAS,2022-23,8798961,123655000,7.12,luke kornet
Isaac Okoro,CHI,2022-23,8798961,123655000,7.12,isaac okoro
Luke Kennard,LAL,2022-23,8798961,123655000,7.12,luke kennard
Maxi Kleber,LAL,2022-23,8798961,123655000,7.12,maxi kleber
Wendell Carter Jr.,ORL,2022-23,8678975,123655000,7.02,wendell carter jr.
Mike Conley,CHO,2022-23,9198811,123655000,7.44,mike conley
Scoot Henderson,POR,2022-23,8597417,123655000,6.95,scoot henderson
Jordan Clarkson,UTA,2022-23,10357045,123655000,8.38,jordan clarkson
Reed Sheppard,HOU,2022-23,8481847,123655000,6.86,reed sheppard
Jonas Valančiūnas,DEN,2022-23,8315018,123655000,6.72,jonas valančiūnas
T.J. McConnell,IND,2022-23,8159037,123655000,6.6,t.j. mcconnell
Royce O'Neale,PHO,2022-23,8099044,123655000,6.55,royce o'neale
Jaden Ivey,CHI,2022-23,8084776,123655000,6.54,jaden ivey
Aaron Wiggins,OKC,2022-23,8081288,123655000,6.54,aaron wiggins
Sam Hauser,BOS,2022-23,8034767,123655000,6.5,sam hauser
Kon Knueppel,CHO,2022-23,8011598,123655000,6.48,kon knueppel
Derrick Jones Jr.,LAC,2022-23,7999056,123655000,6.47,derrick jones jr.
Lonzo Ball,UTA,2022-23,7999056,123655000,6.47,lonzo ball
Amen Thompson,HOU,2022-23,7751565,123655000,6.27,amen thompson
Caleb Martin,DAL,2022-23,7674329,123655000,6.21,caleb martin
Stephon Castle,SAS,2022-23,7647513,123655000,6.18,stephon castle
Pat Connaughton,CHO,2022-23,8590732,123655000,6.95,pat connaughton
Buddy Hield,ATL,2022-23,7374739,123655000,5.96,buddy hield
Kyle Anderson,MEM,2022-23,7374739,123655000,5.96,kyle anderson
Bennedict Mathurin,LAC,2022-23,7349191,123655000,5.94,bennedict mathurin
Ace Bailey,UTA,2022-23,7255015,123655000,5.87,ace bailey
Naji Marshall,DAL,2022-23,7199150,123655000,5.82,naji marshall
Jalen Smith,CHI,2022-23,7199150,123655000,5.82,jalen smith
Ty Jerome,MEM,2022-23,7023971,123655000,5.68,ty jerome
Ausar Thompson,DET,2022-23,7019171,123655000,5.68,ausar thompson
Brook Lopez,LAC,2022-23,6999174,123655000,5.66,brook lopez
Quentin Grimes,PHI,2022-23,6992142,123655000,5.65,quentin grimes
Ron Holland,DET,2022-23,6925006,123655000,5.6,ron holland
Sam Merrill,CLE,2022-23,6784914,123655000,5.49,sam merrill
Jaylin Williams,OKC,2022-23,6759765,123655000,5.47,jaylin williams
Shaedon Sharpe,POR,2022-23,6719193,123655000,5.43,shaedon sharpe
Kelly Oubre Jr.,PHI,2022-23,6704928,123655000,5.42,kelly oubre jr.
Goga Bitadze,ORL,2022-23,6665879,123655000,5.39,goga bitadze
Simone Fontecchio,MIA,2022-23,6645369,123655000,5.37,simone fontecchio
Tre Johnson,WAS,2022-23,6589334,123655000,5.33,tre johnson
Georges Niang,MEM,2022-23,6559226,123655000,5.3,georges niang
Zeke Nnaji,DEN,2022-23,6541450,123655000,5.29,zeke nnaji
Deandre Ayton,LAL,2022-23,26920673,123655000,21.77,deandre ayton
Tre Mann,CHO,2022-23,6399244,123655000,5.18,tre mann
Tre Jones,CHI,2022-23,6399244,123655000,5.18,tre jones
Kevon Looney,NOP,2022-23,6399244,123655000,5.18,kevon looney
Anthony Black,ORL,2022-23,6375471,123655000,5.16,anthony black
Tidjane Salaün,CHO,2022-23,6289849,123655000,5.09,tidjane salaün
Max Christie,DAL,2022-23,6170700,123655000,4.99,max christie
Dyson Daniels,ATL,2022-23,6165439,123655000,4.99,dyson daniels
Isaiah Jackson,LAC,2022-23,6079282,123655000,4.92,isaiah jackson
Jeremiah Fears,NOP,2022-23,6015322,123655000,4.86,jeremiah fears
Ayo Dosunmu,MIN,2022-23,6014104,123655000,4.86,ayo dosunmu
Bilal Coulibaly,WAS,2022-23,5819793,123655000,4.71,bilal coulibaly
Payton Pritchard,BOS,2022-23,5785031,123655000,4.68,payton pritchard
Donovan Clingan,POR,2022-23,5742042,123655000,4.64,donovan clingan
Kenrich Williams,OKC,2022-23,5729723,123655000,4.63,kenrich williams
Jeremy Sochan,SAS,2022-23,6299139,123655000,5.09,jeremy sochan
Tyus Jones,DAL,2022-23,5599339,123655000,4.53,tyus jones
Egor Dёmin,BRK,2022-23,5510709,123655000,4.46,egor dёmin
Jevon Carter,CHI,2022-23,6143694,123655000,4.97,jevon carter
Clint Capela,HOU,2022-23,5359367,123655000,4.33,clint capela
Ousmane Dieng,MIL,2022-23,5336076,123655000,4.32,ousmane dieng
Jarace Walker,IND,2022-23,5331786,123655000,4.31,jarace walker
Dean Wade,CLE,2022-23,5298139,123655000,4.28,dean wade
Jalen Williams,OKC,2022-23,5264176,123655000,4.26,jalen williams
Rob Dillingham,CHI,2022-23,5260275,123655000,4.25,rob dillingham
Jalen Duren,DET,2022-23,5185903,123655000,4.19,jalen duren
Ochai Agbaji,BRK,2022-23,5106217,123655000,4.13,ochai agbaji
Collin Murray-Boyles,TOR,2022-23,5065418,123655000,4.1,collin murray-boyles
Mark Williams,PHO,2022-23,5020632,123655000,4.06,mark williams
Day'Ron Sharpe,BRK,2022-23,4999410,123655000,4.04,day'ron sharpe
Ziaire Williams,BRK,2022-23,4999410,123655000,4.04,ziaire williams
John Konchar,UTA,2022-23,4931418,123655000,3.99,john konchar
Taylor Hendricks,MEM,2022-23,4901085,123655000,3.96,taylor hendricks
Saddiq Bey,NOP,2022-23,4894337,123655000,3.96,saddiq bey
Zach Edey,MEM,2022-23,4835429,123655000,3.91,zach edey
Khaman Maluach,PHO,2022-23,4812296,123655000,3.89,khaman maluach
Jaden Hardy,WAS,2022-23,4799433,123655000,3.88,jaden hardy
Jake LaRavia,LAL,2022-23,4799433,123655000,3.88,jake laravia
Cam Thomas,BRK,2022-23,5469577,123655000,4.42,cam thomas
Cason Wallace,OKC,2022-23,4655642,123655000,3.77,cason wallace
Cody Williams,UTA,2022-23,4593442,123655000,3.71,cody williams
Cedric Coward,MEM,2022-23,4571556,123655000,3.7,cedric coward
D'Angelo Russell,WAS,2022-23,4547463,123655000,3.68,d'angelo russell
Al Horford,GSW,2022-23,4547463,123655000,3.68,al horford
Tari Eason,HOU,2022-23,4540077,123655000,3.67,tari eason
Haywood Highsmith,BRK,2022-23,5154579,123655000,4.17,haywood highsmith
Nicolas Batum,LAC,2022-23,4480751,123655000,3.62,nicolas batum
Jett Howard,ORL,2022-23,4423254,123655000,3.58,jett howard
Guerschon Yabusele,CHI,2022-23,4399481,123655000,3.56,guerschon yabusele
Matas Buzelis,CHI,2022-23,4363933,123655000,3.53,matas buzelis
Noa Essengue,CHI,2022-23,4343103,123655000,3.51,noa essengue
Kris Dunn,LAC,2022-23,4340608,123655000,3.51,kris dunn
Dario Šarić,DET,2022-23,4340608,123655000,3.51,dario šarić
Dalen Terry,NOP,2022-23,4318784,123655000,3.49,dalen terry
Bradley Beal,LAC,2022-23,19787272,123655000,16.0,bradley beal
Paul Reed,DET,2022-23,4268211,123655000,3.45,paul reed
Dereck Lively II,DAL,2022-23,4202192,123655000,3.4,dereck lively ii
Nikola Topić,OKC,2022-23,4145846,123655000,3.35,nikola topić
Derik Queen,NOP,2022-23,4125881,123655000,3.34,derik queen
Kevin Porter Jr.,MIL,2022-23,4106715,123655000,3.32,kevin porter jr.
Marcus Smart,LAL,2022-23,15934803,123655000,12.89,marcus smart
Andre Drummond,PHI,2022-23,3999528,123655000,3.23,andre drummond
Moritz Wagner,ORL,2022-23,3999528,123655000,3.23,moritz wagner
Nick Richards,CHI,2022-23,3999528,123655000,3.23,nick richards
Gradey Dick,TOR,2022-23,3991977,123655000,3.23,gradey dick
Malaki Branham,CHO,2022-23,3969158,123655000,3.21,malaki branham
Devin Carter,SAC,2022-23,3938511,123655000,3.19,devin carter
Christian Braun,DEN,2022-23,3936973,123655000,3.18,christian braun
Carter Bryant,SAS,2022-23,3919793,123655000,3.17,carter bryant
Walker Kessler,UTA,2022-23,3902690,123655000,3.16,walker kessler
Jordan Hawkins,NOP,2022-23,3792608,123655000,3.07,jordan hawkins
Bub Carrington,WAS,2022-23,3741638,123655000,3.03,bub carrington
Thomas Sorber,OKC,2022-23,3723592,123655000,3.01,thomas sorber
Kobe Bufkin,BRK,2022-23,4383720,123655000,3.55,kobe bufkin
Jose Alvarado,NYK,2022-23,3599575,123655000,2.91,jose alvarado
Nikola Jović,MIA,2022-23,3555914,123655000,2.88,nikola jović
Kel'el Ware,MIA,2022-23,3554268,123655000,2.87,kel'el ware
Yang Hansen,POR,2022-23,3537470,123655000,2.86,yang hansen
Peyton Watson,DEN,2022-23,3484769,123655000,2.82,peyton watson
Miles McBride,NYK,2022-23,3466257,123655000,2.8,miles mcbride
Keyonte George,UTA,2022-23,3422764,123655000,2.77,keyonte george
Jared McCain,OKC,2022-23,3376689,123655000,2.73,jared mccain
Joan Beringer,MIN,2022-23,3360467,123655000,2.72,joan beringer
Kevin Love,UTA,2022-23,3319608,123655000,2.68,kevin love
Dalton Knecht,LAL,2022-23,3207749,123655000,2.59,dalton knecht
Ryan Rollins,MIL,2022-23,3199622,123655000,2.59,ryan rollins
Dwight Powell,DAL,2022-23,3199622,123655000,2.59,dwight powell
Walter Clayton,MEM,2022-23,3192679,123655000,2.58,walter clayton
Jaime Jaquez Jr.,MIA,2022-23,3088915,123655000,2.5,jaime jaquez jr.
Nolan Traoré,BRK,2022-23,3048888,123655000,2.47,nolan traoré
Daniss Jenkins,DET,2022-23,3047259,123655000,2.46,daniss jenkins
Tristan Da Silva,ORL,2022-23,3047256,123655000,2.46,tristan da silva
Cole Anthony,MEM,2022-23,4796453,123655000,3.88,cole anthony
Gary Trent Jr.,MIL,2022-23,2957335,123655000,2.39,gary trent jr.
Brandin Podziemski,GSW,2022-23,2950020,123655000,2.39,brandin podziemski
Svi Mykhailiuk,UTA,2022-23,2939653,123655000,2.38,svi mykhailiuk
Kasparas Jakučionis,MIA,2022-23,2926694,123655000,2.37,kasparas jakučionis
Ja'Kobe Walter,TOR,2022-23,2910184,123655000,2.35,ja'kobe walter
Gary Harris,MIL,2022-23,2906979,123655000,2.35,gary harris
Cam Whitmore,WAS,2022-23,2831474,123655000,2.29,cam whitmore
Will Riley,WAS,2022-23,2809684,123655000,2.27,will riley
Jaylon Tyson,CLE,2022-23,2793654,123655000,2.26,jaylon tyson
Jaxson Hayes,LAL,2022-23,2759133,123655000,2.23,jaxson hayes
Dominick Barlow,PHI,2022-23,2731677,123655000,2.21,dominick barlow
Noah Clowney,BRK,2022-23,2718591,123655000,2.2,noah clowney
Drake Powell,BRK,2022-23,2697474,123655000,2.18,drake powell
Yves Missi,NOP,2022-23,2682115,123655000,2.17,yves missi
Blake Wesley,WAS,2022-23,4514453,123655000,3.65,blake wesley
Taurean Prince,MIL,2022-23,2642707,123655000,2.14,taurean prince
Dariq Whitehead,BRK,2022-23,2609740,123655000,2.11,dariq whitehead
Asa Newell,ATL,2022-23,2589678,123655000,2.09,asa newell
DaRon Holmes,DEN,2022-23,2574704,123655000,2.08,daron holmes
Kris Murray,POR,2022-23,2505304,123655000,2.03,kris murray
Nique Clifford,SAC,2022-23,2486202,123655000,2.01,nique clifford
Nassir Little,PHO,2022-23,2485421,123655000,2.01,nassir little
AJ Johnson,DAL,2022-23,2472092,123655000,2.0,aj johnson
De'Anthony Melton,GSW,2022-23,2464446,123655000,1.99,de'anthony melton
Kyle Filipowski,UTA,2022-23,2399717,123655000,1.94,kyle filipowski
Ajay Mitchell,OKC,2022-23,2399717,123655000,1.94,ajay mitchell
Julian Champagnie,SAS,2022-23,2399717,123655000,1.94,julian champagnie
Jase Richardson,ORL,2022-23,2386374,123655000,1.93,jase richardson
Kyshawn George,WAS,2022-23,2373128,123655000,1.92,kyshawn george
Tony Bradley,IND,2022-23,2563550,123655000,2.07,tony bradley
Marcus Sasser,DET,2022-23,2309103,123655000,1.87,marcus sasser
Ben Saraf,BRK,2022-23,2307376,123655000,1.87,ben saraf
Pacôme Dadiet,NYK,2022-23,2277811,123655000,1.84,pacôme dadiet
Danny Wolf,BRK,2022-23,2240759,123655000,1.81,danny wolf
Ben Sheppard,IND,2022-23,2232312,123655000,1.81,ben sheppard
Hugo González,BOS,2022-23,2226841,123655000,1.8,hugo gonzález
Liam McNeeley,CHO,2022-23,2210907,123655000,1.79,liam mcneeley
Dillon Jones,WAS,2022-23,2202364,123655000,1.78,dillon jones
Yanic Konan Niederhäuser,LAC,2022-23,2194781,123655000,1.77,yanic konan niederhäuser
Nick Smith Jr.,CHO,2022-23,2168288,123655000,1.75,nick smith jr.
Brice Sensabaugh,UTA,2022-23,2154754,123655000,1.74,brice sensabaugh
Julian Strawther,DEN,2022-23,2139107,123655000,1.73,julian strawther
Terrence Shannon Jr.,MIN,2022-23,2139011,123655000,1.73,terrence shannon jr.
Ryan Dunn,PHO,2022-23,2125957,123655000,1.72,ryan dunn
Kobe Brown,IND,2022-23,2123653,123655000,1.72,kobe brown
Isaiah Collier,UTA,2022-23,2110311,123655000,1.71,isaiah collier
Baylor Scheierman,BOS,2022-23,2094953,123655000,1.69,baylor scheierman
Xavier Tillman Sr.,CHO,2022-23,2037099,123655000,1.65,xavier tillman sr.
Cam Spencer,MEM,2022-23,2030151,123655000,1.64,cam spencer
Luka Garza,BOS,2022-23,1968938,123655000,1.59,luka garza
Sandro Mamukelashvili,TOR,2022-23,1968938,123655000,1.59,sandro mamukelashvili
Trendon Watford,PHI,2022-23,1968938,123655000,1.59,trendon watford
Jericho Sims,MIL,2022-23,1968938,123655000,1.59,jericho sims
Dru Smith,MIA,2022-23,1902871,123655000,1.54,dru smith
Josh Minott,BRK,2022-23,1902871,123655000,1.54,josh minott
Justin Champagnie,WAS,2022-23,1879440,123655000,1.52,justin champagnie
Jordan Goodwin,PHO,2022-23,1879440,123655000,1.52,jordan goodwin
Jay Huff,IND,2022-23,1879440,123655000,1.52,jay huff
Keon Johnson,BRK,2022-23,1879440,123655000,1.52,keon johnson
Vít Krejčí,POR,2022-23,1879440,123655000,1.52,vít krejčí
Neemias Queta,BOS,2022-23,1879440,123655000,1.52,neemias queta
A.J. Green,MIL,2022-23,1841052,123655000,1.49,a.j. green
Vince Williams Jr.,UTA,2022-23,1841052,123655000,1.49,vince williams jr.
Keon Ellis,CLE,2022-23,1841052,123655000,1.49,keon ellis
Ryan Kalkbrenner,CHO,2022-23,1836802,123655000,1.49,ryan kalkbrenner
Sion James,CHO,2022-23,1836802,123655000,1.49,sion james
Danté Exum,WAS,2022-23,1836802,123655000,1.49,danté exum
Anthony Gill,WAS,2022-23,1836802,123655000,1.49,anthony gill
Chris Boucher,UTA,2022-23,1836802,123655000,1.49,chris boucher
Chris Paul,TOR,2022-23,1836802,123655000,1.49,chris paul
Garrett Temple,TOR,2022-23,1836802,123655000,1.49,garrett temple
Bismack Biyombo,SAS,2022-23,1836802,123655000,1.49,bismack biyombo
Lindy Waters III,SAS,2022-23,1836802,123655000,1.49,lindy waters iii
Jordan McLaughlin,SAS,2022-23,1836802,123655000,1.49,jordan mclaughlin
Russell Westbrook,SAC,2022-23,1836802,123655000,1.49,russell westbrook
Doug McDermott,SAC,2022-23,1836802,123655000,1.49,doug mcdermott
Drew Eubanks,SAC,2022-23,1836802,123655000,1.49,drew eubanks
Blake Wesley,POR,2022-23,4514453,123655000,3.65,blake wesley
Cole Anthony,PHO,2022-23,4796453,123655000,3.88,cole anthony
Amir Coffey,PHO,2022-23,1836802,123655000,1.49,amir coffey
Collin Gillespie,PHO,2022-23,1836802,123655000,1.49,collin gillespie
Kyle Lowry,PHI,2022-23,1836802,123655000,1.49,kyle lowry
Mason Plumlee,OKC,2022-23,2417401,123655000,1.95,mason plumlee
Landry Shamet,NYK,2022-23,1836802,123655000,1.49,landry shamet
Jordan Clarkson,NYK,2022-23,10357045,123655000,8.38,jordan clarkson
Bones Hyland,MIN,2022-23,1836802,123655000,1.49,bones hyland
Joe Ingles,MIN,2022-23,1836802,123655000,1.49,joe ingles
Thanasis Antetokounmpo,MIL,2022-23,1836802,123655000,1.49,thanasis antetokounmpo
Eric Gordon,MEM,2022-23,1836802,123655000,1.49,eric gordon
Josh Okogie,HOU,2022-23,1836802,123655000,1.49,josh okogie
Jeff Green,HOU,2022-23,1836802,123655000,1.49,jeff green
Aaron Holiday,HOU,2022-23,1836802,123655000,1.49,aaron holiday
Jae'Sean Tate,HOU,2022-23,1836802,123655000,1.49,jae'sean tate
Gary Payton II,GSW,2022-23,1836802,123655000,1.49,gary payton ii
Javonte Green,DET,2022-23,1836802,123655000,1.49,javonte green
Tim Hardaway Jr.,DEN,2022-23,1836802,123655000,1.49,tim hardaway jr.
Bruce Brown,DEN,2022-23,1836802,123655000,1.49,bruce brown
Marvin Bagley III,DAL,2022-23,1836802,123655000,1.49,marvin bagley iii
Thomas Bryant,CLE,2022-23,1836802,123655000,1.49,thomas bryant
Larry Nance Jr.,CLE,2022-23,1836802,123655000,1.49,larry nance jr.
Keaton Wallace,ATL,2022-23,1836802,123655000,1.49,keaton wallace
Jock Landale,ATL,2022-23,1836802,123655000,1.49,jock landale
Scotty Pippen Jr.,MEM,2022-23,1816374,123655000,1.47,scotty pippen jr.
JD Davison,BOS,2022-23,1816374,123655000,1.47,jd davison
Brandon Williams,DAL,2022-23,1816374,123655000,1.47,brandon williams
Moussa Diabaté,CHO,2022-23,1816374,123655000,1.47,moussa diabaté
DeAndre Jordan,NOP,2022-23,1815690,123655000,1.47,deandre jordan
Toumani Camara,POR,2022-23,1777132,123655000,1.44,toumani camara
Rayan Rupert,POR,2022-23,1882695,123655000,1.52,rayan rupert
Julian Phillips,MIN,2022-23,1777132,123655000,1.44,julian phillips
GG Jackson II,MEM,2022-23,1777132,123655000,1.44,gg jackson ii
Gui Santos,GSW,2022-23,1777132,123655000,1.44,gui santos
Jalen Pickett,DEN,2022-23,1777132,123655000,1.44,jalen pickett
Hunter Tyson,BRK,2022-23,1777132,123655000,1.44,hunter tyson
Jalen Wilson,BRK,2022-23,1777132,123655000,1.44,jalen wilson
Jordan Walsh,BOS,2022-23,1777132,123655000,1.44,jordan walsh
Trayce Jackson-Davis,TOR,2022-23,1777132,123655000,1.44,trayce jackson-davis
Andre Jackson Jr.,MIL,2022-23,1777132,123655000,1.44,andre jackson jr.
Craig Porter Jr.,CLE,2022-23,1777132,123655000,1.44,craig porter jr.
Leonard Miller,CHI,2022-23,1777132,123655000,1.44,leonard miller
Duop Reath,ATL,2022-23,1777132,123655000,1.44,duop reath
Mouhamed Gueye,ATL,2022-23,1777132,123655000,1.44,mouhamed gueye
JaVale McGee,DAL,2022-23,1766876,123655000,1.43,javale mcgee
Tyler Kolek,NYK,2022-23,1753311,123655000,1.42,tyler kolek
Jaylen Clark,MIN,2022-23,1753311,123655000,1.42,jaylen clark
Tyrese Martin,BRK,2022-23,1753311,123655000,1.42,tyrese martin
Precious Achiuwa,SAC,2022-23,1689013,123655000,1.37,precious achiuwa
Justin Edwards,PHI,2022-23,1638602,123655000,1.33,justin edwards
Nigel Hayes-Davis,MIL,2022-23,1638602,123655000,1.33,nigel hayes-davis
N'Faly Dante,ATL,2022-23,1638602,123655000,1.33,n'faly dante
Johnny Furphy,IND,2022-23,1564117,123655000,1.26,johnny furphy
Jonathan Mogbo,TOR,2022-23,1564117,123655000,1.26,jonathan mogbo
Jamal Shead,TOR,2022-23,1564117,123655000,1.26,jamal shead
Oso Ighodaro,PHO,2022-23,1564117,123655000,1.26,oso ighodaro
Ariel Hukporti,NYK,2022-23,1564117,123655000,1.26,ariel hukporti
Karlo Matković,NOP,2022-23,1564117,123655000,1.26,karlo matković
Tyler Smith,MIL,2022-23,1564117,123655000,1.26,tyler smith
Keshad Johnson,MIA,2022-23,1564117,123655000,1.26,keshad johnson
Jaylen Wells,MEM,2022-23,1564117,123655000,1.26,jaylen wells
Bronny James,LAL,2022-23,1564117,123655000,1.26,bronny james
Cam Christie,LAC,2022-23,1564117,123655000,1.26,cam christie
Quinten Post,GSW,2022-23,1564117,123655000,1.26,quinten post
Bobi Klintman,DET,2022-23,1564117,123655000,1.26,bobi klintman
Isaac Jones,DET,2022-23,1564117,123655000,1.26,isaac jones
Drew Timme,BRK,2022-23,1564117,123655000,1.26,drew timme
Jamison Battle,TOR,2022-23,1564117,123655000,1.26,jamison battle
Adem Bona,PHI,2022-23,1564117,123655000,1.26,adem bona
Pelle Larsson,MIA,2022-23,1564117,123655000,1.26,pelle larsson
Seth Curry,GSW,2022-23,1403993,123655000,1.14,seth curry
Micah Potter,IND,2022-23,1222100,123655000,0.99,micah potter
Chaz Lanier,DET,2022-23,1098166,123655000,0.89,chaz lanier
Pat Connaughton,CHO,2022-23,8590732,123655000,6.95,pat connaughton
Rasheer Fleming,PHO,2022-23,1018176,123655000,0.82,rasheer fleming
Maxime Raynaud,SAC,2022-23,1018176,123655000,0.82,maxime raynaud
Johni Broome,PHI,2022-23,1018176,123655000,0.82,johni broome
Noah Penda,ORL,2022-23,1018176,123655000,0.82,noah penda
Micah Peavy,NOP,2022-23,1018176,123655000,0.82,micah peavy
Adou Thiero,LAL,2022-23,1018176,123655000,0.82,adou thiero
Will Richard,GSW,2022-23,1018176,123655000,0.82,will richard
Tyrese Proctor,CLE,2022-23,1018176,123655000,0.82,tyrese proctor
Mohamed Diawara,NYK,2022-23,1018176,123655000,0.82,mohamed diawara
Kam Jones,IND,2022-23,1018176,123655000,0.82,kam jones
Nikola Djurisic,ATL,2022-23,1018176,123655000,0.82,nikola djurisic
Olivier-Maxence Prosper,DAL,2022-23,801793,123655000,0.65,olivier-maxence prosper
James Wiseman,IND,2022-23,905469,123655000,0.73,james wiseman
Jevon Carter,ORL,2022-23,6143694,123655000,4.97,jevon carter
Pat Spencer,GSW,2022-23,686162,123655000,0.55,pat spencer
Kobe Bufkin,LAL,2022-23,4383720,123655000,3.55,kobe bufkin
Cam Thomas,MIL,2022-23,5469577,123655000,4.42,cam thomas
Haywood Highsmith,PHO,2022-23,5154579,123655000,4.17,haywood highsmith
Jeremy Sochan,NYK,2022-23,6299139,123655000,5.09,jeremy sochan
Mike Conley,MIN,2022-23,9198811,123655000,7.44,mike conley
Bryce McGowens,NOP,2022-23,579610,123655000,0.47,bryce mcgowens
Jabari Walker,PHI,2022-23,579610,123655000,0.47,jabari walker
Nae'Qwan Tomlin,CLE,2022-23,574452,123655000,0.46,nae'qwan tomlin
Jordan Miller,LAC,2022-23,570042,123655000,0.46,jordan miller
Cameron Payne,PHI,2022-23,570042,123655000,0.46,cameron payne
E.J. Liddell,PHO,2022-23,565452,123655000,0.46,e.j. liddell
Caleb Houstan,ATL,2022-23,559486,123655000,0.45,caleb houstan
Sidy Cissoko,POR,2022-23,548930,123655000,0.44,sidy cissoko
Vasilije Micić,MIL,2022-23,533271,123655000,0.43,vasilije micić
Spencer Jones,DEN,2022-23,499115,123655000,0.4,spencer jones
Mason Plumlee,SAS,2022-23,2417401,123655000,1.95,mason plumlee
Amari Williams,BOS,2022-23,392056,123655000,0.32,amari williams
Kobe Sanders,LAC,2022-23,380353,123655000,0.31,kobe sanders
Mamadi Diakite,MEM,2022-23,371196,123655000,0.3,mamadi diakite
Ricky Rubio,CLE,2022-23,339697,123655000,0.27,ricky rubio
Myron Gardner,MIA,2022-23,315986,123655000,0.26,myron gardner
Jeremiah Robinson-Earl,IND,2022-23,105564,123655000,0.09,jeremiah robinson-earl
Monte Morris,IND,2022-23,256917,123655000,0.21,monte morris
Garrison Mathews,IND,2022-23,343419,123655000,0.28,garrison mathews
Didi Louzada,POR,2022-23,214400,123655000,0.17,didi louzada
Mo Bamba,TOR,2022-23,366925,123655000,0.3,mo bamba
Mac McClung,IND,2022-23,131233,123655000,0.11,mac mcclung
Kobe Bufkin,LAL,2022-23,4383720,123655000,3.55,kobe bufkin
Tony Bradley,IND,2022-23,2563550,123655000,2.07,tony bradley
Tony Bradley,IND,2022-23,2563550,123655000,2.07,tony bradley
James Wiseman,IND,2022-23,905469,123655000,0.73,james wiseman
Mason Plumlee,SAS,2022-23,2417401,123655000,1.95,mason plumlee
Jeremiah Robinson-Earl,IND,2022-23,105564,123655000,0.09,jeremiah robinson-earl
Jeremiah Robinson-Earl,IND,2022-23,105564,123655000,0.09,jeremiah robinson-earl
Garrison Mathews,IND,2022-23,343419,123655000,0.28,garrison mathews
Garrison Mathews,IND,2022-23,343419,123655000,0.28,garrison mathews
Mo Bamba,UTA,2022-23,366925,123655000,0.3,mo bamba
Mo Bamba,UTA,2022-23,366925,123655000,0.3,mo bamba
Killian Hayes,SAC,2022-23,211127,123655000,0.17,killian hayes
Killian Hayes,SAC,2022-23,211127,123655000,0.17,killian hayes
Charles Bassey,PHI,2022-23,211127,123655000,0.17,charles bassey
Charles Bassey,PHI,2022-23,211127,123655000,0.17,charles bassey
Christian Koloko,MEM,2022-23,211127,123655000,0.17,christian koloko
Christian Koloko,MEM,2022-23,211127,123655000,0.17,christian koloko
Alondes Williams,WAS,2022-23,105564,123655000,0.09,alondes williams
Skal Labissière,WAS,2022-23,105564,123655000,0.09,skal labissière
Patrick Baldwin Jr.,PHI,2022-23,211127,123655000,0.17,patrick baldwin jr.
Rayan Rupert,MEM,2022-23,1882695,123655000,1.52,rayan rupert
Kobe Bufkin,MEM,2022-23,4383720,123655000,3.55,kobe bufkin
Charles Bassey,MEM,2022-23,211127,123655000,0.17,charles bassey
Dalano Banton,LAC,2022-23,211127,123655000,0.17,dalano banton
Patrick Baldwin Jr.,LAC,2022-23,211127,123655000,0.17,patrick baldwin jr.
Jeremiah Robinson-Earl,DAL,2022-23,105564,123655000,0.09,jeremiah robinson-earl
Dalano Banton,BOS,2022-23,211127,123655000,0.17,dalano banton
Adama-Alpha Bal,MEM,2022-23,93625,123655000,0.08,adama-alpha bal
Adama-Alpha Bal,MEM,2022-23,93625,123655000,0.08,adama-alpha bal
Stephen Curry,GSW,2023-24,52447999,136021000,38.56,stephen curry
Joel Embiid,PHI,2023-24,48592024,136021000,35.72,joel embiid
Nikola Jokić,DEN,2023-24,48592024,136021000,35.72,nikola jokić
Kevin Durant,HOU,2023-24,48138069,136021000,35.39,kevin durant
Jayson Tatum,BOS,2023-24,47625828,136021000,35.01,jayson tatum
Anthony Davis,WAS,2023-24,47625828,136021000,35.01,anthony davis
Giannis Antetokounmpo,MIL,2023-24,47625828,136021000,35.01,giannis antetokounmpo
Jimmy Butler,GSW,2023-24,47625828,136021000,35.01,jimmy butler
Jaylen Brown,BOS,2023-24,46759843,136021000,34.38,jaylen brown
Devin Booker,PHO,2023-24,46759843,136021000,34.38,devin booker
Karl-Anthony Towns,NYK,2023-24,46759843,136021000,34.38,karl-anthony towns
LeBron James,LAL,2023-24,46306597,136021000,34.04,lebron james
Paul George,PHI,2023-24,45460959,136021000,33.42,paul george
Kawhi Leonard,LAC,2023-24,43994967,136021000,32.34,kawhi leonard
Zach LaVine,SAC,2023-24,41794920,136021000,30.73,zach lavine
Cade Cunningham,DET,2023-24,40822138,136021000,30.01,cade cunningham
Evan Mobley,CLE,2023-24,40822138,136021000,30.01,evan mobley
Jamal Murray,DEN,2023-24,40822138,136021000,30.01,jamal murray
Lauri Markkanen,UTA,2023-24,40822138,136021000,30.01,lauri markkanen
Donovan Mitchell,CLE,2023-24,40822138,136021000,30.01,donovan mitchell
Trae Young,WAS,2023-24,40822138,136021000,30.01,trae young
Luka Dončić,LAL,2023-24,40475071,136021000,29.76,luka dončić
Anthony Edwards,MIN,2023-24,40079866,136021000,29.47,anthony edwards
Tyrese Haliburton,IND,2023-24,40079866,136021000,29.47,tyrese haliburton
Pascal Siakam,IND,2023-24,40079866,136021000,29.47,pascal siakam
Domantas Sabonis,SAC,2023-24,37251419,136021000,27.39,domantas sabonis
OG Anunoby,NYK,2023-24,34816707,136021000,25.6,og anunoby
Zion Williamson,NOP,2023-24,34708589,136021000,25.52,zion williamson
Ja Morant,MEM,2023-24,34708589,136021000,25.52,ja morant
Darius Garland,LAC,2023-24,34708589,136021000,25.52,darius garland
James Harden,CLE,2023-24,34476826,136021000,25.35,james harden
Scottie Barnes,TOR,2023-24,34018448,136021000,25.01,scottie barnes
Franz Wagner,ORL,2023-24,34018448,136021000,25.01,franz wagner
Shai Gilgeous-Alexander,OKC,2023-24,33729226,136021000,24.8,shai gilgeous-alexander
Michael Porter Jr.,BRK,2023-24,33729226,136021000,24.8,michael porter jr.
Brandon Ingram,TOR,2023-24,33519975,136021000,24.64,brandon ingram
Tyrese Maxey,PHI,2023-24,33399888,136021000,24.55,tyrese maxey
LaMelo Ball,CHO,2023-24,33399888,136021000,24.55,lamelo ball
De'Aaron Fox,SAS,2023-24,32641292,136021000,24.0,de'aaron fox
Bam Adebayo,MIA,2023-24,32641292,136021000,24.0,bam adebayo
Desmond Bane,ORL,2023-24,32314893,136021000,23.76,desmond bane
Kyrie Irving,DAL,2023-24,32174401,136021000,23.65,kyrie irving
Jaren Jackson Jr.,UTA,2023-24,30796477,136021000,22.64,jaren jackson jr.
Jalen Suggs,ORL,2023-24,30796477,136021000,22.64,jalen suggs
Rudy Gobert,MIN,2023-24,30796477,136021000,22.64,rudy gobert
Jalen Brunson,NYK,2023-24,30747204,136021000,22.6,jalen brunson
Alperen Şengün,HOU,2023-24,29868143,136021000,21.96,alperen şengün
Jalen Green,PHO,2023-24,29550979,136021000,21.73,jalen green
Khris Middleton,DAL,2023-24,29297389,136021000,21.54,khris middleton
Immanuel Quickley,TOR,2023-24,28596729,136021000,21.02,immanuel quickley
Jrue Holiday,POR,2023-24,28508739,136021000,20.96,jrue holiday
Jerami Grant,POR,2023-24,28156780,136021000,20.7,jerami grant
Jordan Poole,NOP,2023-24,28023224,136021000,20.6,jordan poole
Tyler Herro,MIA,2023-24,27276880,136021000,20.05,tyler herro
Julius Randle,MIN,2023-24,27157388,136021000,19.97,julius randle
Dejounte Murray,NOP,2023-24,27101870,136021000,19.92,dejounte murray
Kristaps Porziņģis,GSW,2023-24,27040809,136021000,19.88,kristaps porziņģis
CJ McCollum,ATL,2023-24,26983579,136021000,19.84,cj mccollum
Jalen Johnson,ATL,2023-24,26396980,136021000,19.41,jalen johnson
Isaiah Hartenstein,OKC,2023-24,25077131,136021000,18.44,isaiah hartenstein
Andrew Wiggins,MIA,2023-24,24833588,136021000,18.26,andrew wiggins
Derrick White,BOS,2023-24,24725172,136021000,18.18,derrick white
RJ Barrett,TOR,2023-24,24377925,136021000,17.92,rj barrett
Anfernee Simons,CHI,2023-24,24354356,136021000,17.9,anfernee simons
Devin Vassell,SAS,2023-24,23757282,136021000,17.47,devin vassell
Terry Rozier,MIA,2023-24,23443186,136021000,17.23,terry rozier
Tobias Harris,DET,2023-24,23435368,136021000,17.23,tobias harris
John Collins,LAC,2023-24,23387725,136021000,17.19,john collins
Draymond Green,GSW,2023-24,22783108,136021000,16.75,draymond green
Deandre Ayton,POR,2023-24,29612849,136021000,21.77,deandre ayton
Nic Claxton,BRK,2023-24,22307448,136021000,16.4,nic claxton
Myles Turner,MIL,2023-24,22277512,136021000,16.38,myles turner
Trey Murphy III,NOP,2023-24,21997484,136021000,16.17,trey murphy iii
Josh Giddey,CHI,2023-24,21997484,136021000,16.17,josh giddey
Miles Bridges,CHO,2023-24,21997484,136021000,16.17,miles bridges
Fred VanVleet,HOU,2023-24,21997484,136021000,16.17,fred vanvleet
Mikal Bridges,NYK,2023-24,21909494,136021000,16.11,mikal bridges
DeMar DeRozan,SAC,2023-24,21619127,136021000,15.89,demar derozan
Jaden McDaniels,MIN,2023-24,21463476,136021000,15.78,jaden mcdaniels
Jonathan Kuminga,ATL,2023-24,20941225,136021000,15.4,jonathan kuminga
De'Andre Hunter,SAC,2023-24,20504797,136021000,15.07,de'andre hunter
Aaron Gordon,DEN,2023-24,20098181,136021000,14.78,aaron gordon
Damian Lillard,MIL,2023-24,32222445,136021000,23.69,damian lillard
Kyle Kuzma,MIL,2023-24,19719077,136021000,14.5,kyle kuzma
Kentavious Caldwell-Pope,MEM,2023-24,19024744,136021000,13.99,kentavious caldwell-pope
Naz Reid,MIN,2023-24,18963348,136021000,13.94,naz reid
Nikola Vučević,BOS,2023-24,18901541,136021000,13.9,nikola vučević
Dillon Brooks,PHO,2023-24,18587091,136021000,13.66,dillon brooks
Cameron Johnson,DEN,2023-24,18528098,136021000,13.62,cameron johnson
Norman Powell,MIA,2023-24,18022765,136021000,13.25,norman powell
Jarrett Allen,CLE,2023-24,17597987,136021000,12.94,jarrett allen
Jakob Poeltl,TOR,2023-24,17158037,136021000,12.61,jakob poeltl
Josh Hart,NYK,2023-24,17133611,136021000,12.6,josh hart
Bradley Beal,PHO,2023-24,21766079,136021000,16.0,bradley beal
Jusuf Nurkić,UTA,2023-24,17048050,136021000,12.53,jusuf nurkić
Harrison Barnes,SAS,2023-24,16718088,136021000,12.29,harrison barnes
Collin Sexton,CHI,2023-24,16696090,136021000,12.27,collin sexton
Ivica Zubac,IND,2023-24,16624801,136021000,12.22,ivica zubac
Malik Monk,SAC,2023-24,16540013,136021000,12.16,malik monk
Santi Aldama,MEM,2023-24,16265745,136021000,11.96,santi aldama
Rui Hachimura,LAL,2023-24,16066310,136021000,11.81,rui hachimura
Luguentz Dort,OKC,2023-24,16033721,136021000,11.79,luguentz dort
Alex Caruso,OKC,2023-24,15927938,136021000,11.71,alex caruso
Andrew Nembhard,IND,2023-24,15927938,136021000,11.71,andrew nembhard
Zach Collins,CHI,2023-24,15909017,136021000,11.7,zach collins
Patrick Williams,CHI,2023-24,15838188,136021000,11.64,patrick williams
Kevin Huerter,DET,2023-24,15830332,136021000,11.64,kevin huerter
Keldon Johnson,SAS,2023-24,15398239,136021000,11.32,keldon johnson
Grayson Allen,PHO,2023-24,14848301,136021000,10.92,grayson allen
Duncan Robinson,DET,2023-24,14812834,136021000,10.89,duncan robinson
Klay Thompson,DAL,2023-24,14664989,136021000,10.78,klay thompson
Bogdan Bogdanović,LAC,2023-24,14095988,136021000,10.36,bogdan bogdanović
Max Strus,CLE,2023-24,14022474,136021000,10.31,max strus
Terance Mann,BRK,2023-24,13638440,136021000,10.03,terance mann
Paolo Banchero,ORL,2023-24,13493053,136021000,9.92,paolo banchero
Nickeil Alexander-Walker,ATL,2023-24,13340858,136021000,9.81,nickeil alexander-walker
Onyeka Okongwu,ATL,2023-24,13198490,136021000,9.7,onyeka okongwu
Jonathan Isaac,ORL,2023-24,13198490,136021000,9.7,jonathan isaac
Isaiah Stewart,DET,2023-24,13198490,136021000,9.7,isaiah stewart
Marcus Smart,WAS,2023-24,17528347,136021000,12.89,marcus smart
Daniel Gafford,DAL,2023-24,12658514,136021000,9.31,daniel gafford
Deni Avdija,POR,2023-24,12648553,136021000,9.3,deni avdija
P.J. Washington,DAL,2023-24,12452489,136021000,9.15,p.j. washington
Steven Adams,HOU,2023-24,12433360,136021000,9.14,steven adams
Caris LeVert,DET,2023-24,12410100,136021000,9.12,caris levert
Dennis Schröder,CLE,2023-24,12410100,136021000,9.12,dennis schröder
Damian Lillard,POR,2023-24,32222445,136021000,23.69,damian lillard
Obi Toppin,IND,2023-24,12318591,136021000,9.06,obi toppin
Corey Kispert,ATL,2023-24,12296593,136021000,9.04,corey kispert
Herbert Jones,NOP,2023-24,12263662,136021000,9.02,herbert jones
Austin Reaves,LAL,2023-24,12263662,136021000,9.02,austin reaves
Cooper Flagg,DAL,2023-24,12165418,136021000,8.94,cooper flagg
Chet Holmgren,OKC,2023-24,12082222,136021000,8.88,chet holmgren
Josh Green,CHO,2023-24,12025291,136021000,8.84,josh green
Grant Williams,CHO,2023-24,12006667,136021000,8.83,grant williams
Bobby Portis,MIL,2023-24,11830910,136021000,8.7,bobby portis
Kelly Olynyk,SAS,2023-24,11830354,136021000,8.7,kelly olynyk
Victor Wembanyama,SAS,2023-24,11770308,136021000,8.65,victor wembanyama
Robert Williams,POR,2023-24,11690090,136021000,8.59,robert williams
Zaccharie Risacher,ATL,2023-24,11612665,136021000,8.54,zaccharie risacher
Mitchell Robinson,NYK,2023-24,11398697,136021000,8.38,mitchell robinson
Coby White,CHO,2023-24,11340925,136021000,8.34,coby white
Dorian Finney-Smith,HOU,2023-24,11174722,136021000,8.22,dorian finney-smith
Brandon Clarke,MEM,2023-24,10998742,136021000,8.09,brandon clarke
Dylan Harper,SAS,2023-24,10884636,136021000,8.0,dylan harper
Isaiah Joe,OKC,2023-24,10877613,136021000,8.0,isaiah joe
Jabari Smith Jr.,HOU,2023-24,10867102,136021000,7.99,jabari smith jr.
Donte DiVincenzo,MIN,2023-24,10549993,136021000,7.76,donte divincenzo
Brandon Miller,CHO,2023-24,10531339,136021000,7.74,brandon miller
Alex Sarr,WAS,2023-24,10390063,136021000,7.64,alex sarr
Davion Mitchell,MIA,2023-24,10206832,136021000,7.5,davion mitchell
Moses Moody,GSW,2023-24,10184021,136021000,7.49,moses moody
Jarred Vanderbilt,LAL,2023-24,10181693,136021000,7.49,jarred vanderbilt
Matisse Thybulle,POR,2023-24,10162837,136021000,7.47,matisse thybulle
Gabe Vincent,ATL,2023-24,10118842,136021000,7.44,gabe vincent
Keegan Murray,SAC,2023-24,9805680,136021000,7.21,keegan murray
VJ Edgecombe,PHI,2023-24,9774696,136021000,7.19,vj edgecombe
Aaron Nesmith,IND,2023-24,9678893,136021000,7.12,aaron nesmith
Luke Kornet,SAS,2023-24,9678893,136021000,7.12,luke kornet
Isaac Okoro,CHI,2023-24,9678893,136021000,7.12,isaac okoro
Luke Kennard,LAL,2023-24,9678893,136021000,7.12,luke kennard
Maxi Kleber,LAL,2023-24,9678893,136021000,7.12,maxi kleber
Wendell Carter Jr.,ORL,2023-24,9546908,136021000,7.02,wendell carter jr.
Mike Conley,CHO,2023-24,10118730,136021000,7.44,mike conley
Scoot Henderson,POR,2023-24,9457193,136021000,6.95,scoot henderson
Jordan Clarkson,UTA,2023-24,11392792,136021000,8.38,jordan clarkson
Reed Sheppard,HOU,2023-24,9330065,136021000,6.86,reed sheppard
Jonas Valančiūnas,DEN,2023-24,9146554,136021000,6.72,jonas valančiūnas
T.J. McConnell,IND,2023-24,8974973,136021000,6.6,t.j. mcconnell
Royce O'Neale,PHO,2023-24,8908981,136021000,6.55,royce o'neale
Jaden Ivey,CHI,2023-24,8893286,136021000,6.54,jaden ivey
Aaron Wiggins,OKC,2023-24,8889450,136021000,6.54,aaron wiggins
Sam Hauser,BOS,2023-24,8838276,136021000,6.5,sam hauser
Kon Knueppel,CHO,2023-24,8812790,136021000,6.48,kon knueppel
Derrick Jones Jr.,LAC,2023-24,8798993,136021000,6.47,derrick jones jr.
Lonzo Ball,UTA,2023-24,8798993,136021000,6.47,lonzo ball
Amen Thompson,HOU,2023-24,8526753,136021000,6.27,amen thompson
Caleb Martin,DAL,2023-24,8441793,136021000,6.21,caleb martin
Stephon Castle,SAS,2023-24,8412295,136021000,6.18,stephon castle
Pat Connaughton,CHO,2023-24,9449840,136021000,6.95,pat connaughton
Buddy Hield,ATL,2023-24,8112243,136021000,5.96,buddy hield
Kyle Anderson,MEM,2023-24,8112243,136021000,5.96,kyle anderson
Bennedict Mathurin,LAC,2023-24,8084139,136021000,5.94,bennedict mathurin
Ace Bailey,UTA,2023-24,7980546,136021000,5.87,ace bailey
Naji Marshall,DAL,2023-24,7919094,136021000,5.82,naji marshall
Jalen Smith,CHI,2023-24,7919094,136021000,5.82,jalen smith
Ty Jerome,MEM,2023-24,7726396,136021000,5.68,ty jerome
Ausar Thompson,DET,2023-24,7721117,136021000,5.68,ausar thompson
Brook Lopez,LAC,2023-24,7699119,136021000,5.66,brook lopez
Quentin Grimes,PHI,2023-24,7691384,136021000,5.65,quentin grimes
Ron Holland,DET,2023-24,7617535,136021000,5.6,ron holland
Sam Merrill,CLE,2023-24,7463433,136021000,5.49,sam merrill
Jaylin Williams,OKC,2023-24,7435769,136021000,5.47,jaylin williams
Shaedon Sharpe,POR,2023-24,7391140,136021000,5.43,shaedon sharpe
Kelly Oubre Jr.,PHI,2023-24,7375448,136021000,5.42,kelly oubre jr.
Goga Bitadze,ORL,2023-24,7332494,136021000,5.39,goga bitadze
Simone Fontecchio,MIA,2023-24,7309933,136021000,5.37,simone fontecchio
Tre Johnson,WAS,2023-24,7248294,136021000,5.33,tre johnson
Georges Niang,MEM,2023-24,7215175,136021000,5.3,georges niang
Zeke Nnaji,DEN,2023-24,7195622,136021000,5.29,zeke nnaji
Deandre Ayton,LAL,2023-24,29612849,136021000,21.77,deandre ayton
Tre Mann,CHO,2023-24,7039195,136021000,5.18,tre mann
Tre Jones,CHI,2023-24,7039195,136021000,5.18,tre jones
Kevon Looney,NOP,2023-24,7039195,136021000,5.18,kevon looney
Anthony Black,ORL,2023-24,7013044,136021000,5.16,anthony black
Tidjane Salaün,CHO,2023-24,6918860,136021000,5.09,tidjane salaün
Max Christie,DAL,2023-24,6787795,136021000,4.99,max christie
Dyson Daniels,ATL,2023-24,6782008,136021000,4.99,dyson daniels
Isaiah Jackson,LAC,2023-24,6687235,136021000,4.92,isaiah jackson
Jeremiah Fears,NOP,2023-24,6616878,136021000,4.86,jeremiah fears
Ayo Dosunmu,MIN,2023-24,6615539,136021000,4.86,ayo dosunmu
Bilal Coulibaly,WAS,2023-24,6401796,136021000,4.71,bilal coulibaly
Payton Pritchard,BOS,2023-24,6363558,136021000,4.68,payton pritchard
Donovan Clingan,POR,2023-24,6316269,136021000,4.64,donovan clingan
Kenrich Williams,OKC,2023-24,6302719,136021000,4.63,kenrich williams
Jeremy Sochan,SAS,2023-24,6929078,136021000,5.09,jeremy sochan
Tyus Jones,DAL,2023-24,6159295,136021000,4.53,tyus jones
Egor Dёmin,BRK,2023-24,6061803,136021000,4.46,egor dёmin
Jevon Carter,CHI,2023-24,6758088,136021000,4.97,jevon carter
Clint Capela,HOU,2023-24,5895326,136021000,4.33,clint capela
Ousmane Dieng,MIL,2023-24,5869705,136021000,4.32,ousmane dieng
Jarace Walker,IND,2023-24,5864987,136021000,4.31,jarace walker
Dean Wade,CLE,2023-24,5827975,136021000,4.28,dean wade
Jalen Williams,OKC,2023-24,5790615,136021000,4.26,jalen williams
Rob Dillingham,CHI,2023-24,5786324,136021000,4.25,rob dillingham
Jalen Duren,DET,2023-24,5704514,136021000,4.19,jalen duren
Ochai Agbaji,BRK,2023-24,5616859,136021000,4.13,ochai agbaji
Collin Murray-Boyles,TOR,2023-24,5571980,136021000,4.1,collin murray-boyles
Mark Williams,PHO,2023-24,5522716,136021000,4.06,mark williams
Day'Ron Sharpe,BRK,2023-24,5499371,136021000,4.04,day'ron sharpe
Ziaire Williams,BRK,2023-24,5499371,136021000,4.04,ziaire williams
John Konchar,UTA,2023-24,5424579,136021000,3.99,john konchar
Taylor Hendricks,MEM,2023-24,5391214,136021000,3.96,taylor hendricks
Saddiq Bey,NOP,2023-24,5383791,136021000,3.96,saddiq bey
Zach Edey,MEM,2023-24,5318992,136021000,3.91,zach edey
Khaman Maluach,PHO,2023-24,5293545,136021000,3.89,khaman maluach
Jaden Hardy,WAS,2023-24,5279396,136021000,3.88,jaden hardy
Jake LaRavia,LAL,2023-24,5279396,136021000,3.88,jake laravia
Cam Thomas,BRK,2023-24,6016557,136021000,4.42,cam thomas
Cason Wallace,OKC,2023-24,5121225,136021000,3.77,cason wallace
Cody Williams,UTA,2023-24,5052804,136021000,3.71,cody williams
Cedric Coward,MEM,2023-24,5028730,136021000,3.7,cedric coward
D'Angelo Russell,WAS,2023-24,5002228,136021000,3.68,d'angelo russell
Al Horford,GSW,2023-24,5002228,136021000,3.68,al horford
Tari Eason,HOU,2023-24,4994103,136021000,3.67,tari eason
Haywood Highsmith,BRK,2023-24,5670057,136021000,4.17,haywood highsmith
Nicolas Batum,LAC,2023-24,4928844,136021000,3.62,nicolas batum
Jett Howard,ORL,2023-24,4865597,136021000,3.58,jett howard
Guerschon Yabusele,CHI,2023-24,4839446,136021000,3.56,guerschon yabusele
Matas Buzelis,CHI,2023-24,4800344,136021000,3.53,matas buzelis
Noa Essengue,CHI,2023-24,4777431,136021000,3.51,noa essengue
Kris Dunn,LAC,2023-24,4774686,136021000,3.51,kris dunn
Dario Šarić,DET,2023-24,4774686,136021000,3.51,dario šarić
Dalen Terry,NOP,2023-24,4750680,136021000,3.49,dalen terry
Bradley Beal,LAC,2023-24,21766079,136021000,16.0,bradley beal
Paul Reed,DET,2023-24,4695050,136021000,3.45,paul reed
Dereck Lively II,DAL,2023-24,4622428,136021000,3.4,dereck lively ii
Nikola Topić,OKC,2023-24,4560448,136021000,3.35,nikola topić
Derik Queen,NOP,2023-24,4538486,136021000,3.34,derik queen
Kevin Porter Jr.,MIL,2023-24,4517403,136021000,3.32,kevin porter jr.
Marcus Smart,LAL,2023-24,17528347,136021000,12.89,marcus smart
Andre Drummond,PHI,2023-24,4399497,136021000,3.23,andre drummond
Moritz Wagner,ORL,2023-24,4399497,136021000,3.23,moritz wagner
Nick Richards,CHI,2023-24,4399497,136021000,3.23,nick richards
Gradey Dick,TOR,2023-24,4391190,136021000,3.23,gradey dick
Malaki Branham,CHO,2023-24,4366090,136021000,3.21,malaki branham
Devin Carter,SAC,2023-24,4332378,136021000,3.19,devin carter
Christian Braun,DEN,2023-24,4330686,136021000,3.18,christian braun
Carter Bryant,SAS,2023-24,4311788,136021000,3.17,carter bryant
Walker Kessler,UTA,2023-24,4292974,136021000,3.16,walker kessler
Jordan Hawkins,NOP,2023-24,4171884,136021000,3.07,jordan hawkins
Bub Carrington,WAS,2023-24,4115817,136021000,3.03,bub carrington
Thomas Sorber,OKC,2023-24,4095967,136021000,3.01,thomas sorber
Kobe Bufkin,BRK,2023-24,4822110,136021000,3.55,kobe bufkin
Jose Alvarado,NYK,2023-24,3959547,136021000,2.91,jose alvarado
Nikola Jović,MIA,2023-24,3911520,136021000,2.88,nikola jović
Kel'el Ware,MIA,2023-24,3909710,136021000,2.87,kel'el ware
Yang Hansen,POR,2023-24,3891232,136021000,2.86,yang hansen
Peyton Watson,DEN,2023-24,3833260,136021000,2.82,peyton watson
Miles McBride,NYK,2023-24,3812897,136021000,2.8,miles mcbride
Keyonte George,UTA,2023-24,3765054,136021000,2.77,keyonte george
Jared McCain,OKC,2023-24,3714372,136021000,2.73,jared mccain
Joan Beringer,MIN,2023-24,3696528,136021000,2.72,joan beringer
Kevin Love,UTA,2023-24,3651582,136021000,2.68,kevin love
Dalton Knecht,LAL,2023-24,3528537,136021000,2.59,dalton knecht
Ryan Rollins,MIL,2023-24,3519597,136021000,2.59,ryan rollins
Dwight Powell,DAL,2023-24,3519597,136021000,2.59,dwight powell
Walter Clayton,MEM,2023-24,3511960,136021000,2.58,walter clayton
Jaime Jaquez Jr.,MIA,2023-24,3397819,136021000,2.5,jaime jaquez jr.
Nolan Traoré,BRK,2023-24,3353789,136021000,2.47,nolan traoré
Daniss Jenkins,DET,2023-24,3351998,136021000,2.46,daniss jenkins
Tristan Da Silva,ORL,2023-24,3351994,136021000,2.46,tristan da silva
Cole Anthony,MEM,2023-24,5276118,136021000,3.88,cole anthony
Gary Trent Jr.,MIL,2023-24,3253080,136021000,2.39,gary trent jr.
Brandin Podziemski,GSW,2023-24,3245034,136021000,2.39,brandin podziemski
Svi Mykhailiuk,UTA,2023-24,3233630,136021000,2.38,svi mykhailiuk
Kasparas Jakučionis,MIA,2023-24,3219376,136021000,2.37,kasparas jakučionis
Ja'Kobe Walter,TOR,2023-24,3201215,136021000,2.35,ja'kobe walter
Gary Harris,MIL,2023-24,3197689,136021000,2.35,gary harris
Cam Whitmore,WAS,2023-24,3114633,136021000,2.29,cam whitmore
Will Riley,WAS,2023-24,3090664,136021000,2.27,will riley
Jaylon Tyson,CLE,2023-24,3073031,136021000,2.26,jaylon tyson
Jaxson Hayes,LAL,2023-24,3035057,136021000,2.23,jaxson hayes
Dominick Barlow,PHI,2023-24,3004856,136021000,2.21,dominick barlow
Noah Clowney,BRK,2023-24,2990461,136021000,2.2,noah clowney
Drake Powell,BRK,2023-24,2967232,136021000,2.18,drake powell
Yves Missi,NOP,2023-24,2950338,136021000,2.17,yves missi
Blake Wesley,WAS,2023-24,4965916,136021000,3.65,blake wesley
Taurean Prince,MIL,2023-24,2906989,136021000,2.14,taurean prince
Dariq Whitehead,BRK,2023-24,2870724,136021000,2.11,dariq whitehead
Asa Newell,ATL,2023-24,2848657,136021000,2.09,asa newell
DaRon Holmes,DEN,2023-24,2832185,136021000,2.08,daron holmes
Kris Murray,POR,2023-24,2755845,136021000,2.03,kris murray
Nique Clifford,SAC,2023-24,2734833,136021000,2.01,nique clifford
Nassir Little,PHO,2023-24,2733973,136021000,2.01,nassir little
AJ Johnson,DAL,2023-24,2719311,136021000,2.0,aj johnson
De'Anthony Melton,GSW,2023-24,2710900,136021000,1.99,de'anthony melton
Kyle Filipowski,UTA,2023-24,2639698,136021000,1.94,kyle filipowski
Ajay Mitchell,OKC,2023-24,2639698,136021000,1.94,ajay mitchell
Julian Champagnie,SAS,2023-24,2639698,136021000,1.94,julian champagnie
Jase Richardson,ORL,2023-24,2625021,136021000,1.93,jase richardson
Kyshawn George,WAS,2023-24,2610450,136021000,1.92,kyshawn george
Tony Bradley,IND,2023-24,2819915,136021000,2.07,tony bradley
Marcus Sasser,DET,2023-24,2540023,136021000,1.87,marcus sasser
Ben Saraf,BRK,2023-24,2538122,136021000,1.87,ben saraf
Pacôme Dadiet,NYK,2023-24,2505601,136021000,1.84,pacôme dadiet
Danny Wolf,BRK,2023-24,2464844,136021000,1.81,danny wolf
Ben Sheppard,IND,2023-24,2455553,136021000,1.81,ben sheppard
Hugo González,BOS,2023-24,2449534,136021000,1.8,hugo gonzález
Liam McNeeley,CHO,2023-24,2432007,136021000,1.79,liam mcneeley
Dillon Jones,WAS,2023-24,2422609,136021000,1.78,dillon jones
Yanic Konan Niederhäuser,LAC,2023-24,2414268,136021000,1.77,yanic konan niederhäuser
Nick Smith Jr.,CHO,2023-24,2385126,136021000,1.75,nick smith jr.
Brice Sensabaugh,UTA,2023-24,2370238,136021000,1.74,brice sensabaugh
Julian Strawther,DEN,2023-24,2353027,136021000,1.73,julian strawther
Terrence Shannon Jr.,MIN,2023-24,2352921,136021000,1.73,terrence shannon jr.
Ryan Dunn,PHO,2023-24,2338561,136021000,1.72,ryan dunn
Kobe Brown,IND,2023-24,2336027,136021000,1.72,kobe brown
Isaiah Collier,UTA,2023-24,2321350,136021000,1.71,isaiah collier
Baylor Scheierman,BOS,2023-24,2304456,136021000,1.69,baylor scheierman
Xavier Tillman Sr.,CHO,2023-24,2240818,136021000,1.65,xavier tillman sr.
Cam Spencer,MEM,2023-24,2233175,136021000,1.64,cam spencer
Luka Garza,BOS,2023-24,2165840,136021000,1.59,luka garza
Sandro Mamukelashvili,TOR,2023-24,2165840,136021000,1.59,sandro mamukelashvili
Trendon Watford,PHI,2023-24,2165840,136021000,1.59,trendon watford
Jericho Sims,MIL,2023-24,2165840,136021000,1.59,jericho sims
Dru Smith,MIA,2023-24,2093166,136021000,1.54,dru smith
Josh Minott,BRK,2023-24,2093166,136021000,1.54,josh minott
Justin Champagnie,WAS,2023-24,2067392,136021000,1.52,justin champagnie
Jordan Goodwin,PHO,2023-24,2067392,136021000,1.52,jordan goodwin
Jay Huff,IND,2023-24,2067392,136021000,1.52,jay huff
Keon Johnson,BRK,2023-24,2067392,136021000,1.52,keon johnson
Vít Krejčí,POR,2023-24,2067392,136021000,1.52,vít krejčí
Neemias Queta,BOS,2023-24,2067392,136021000,1.52,neemias queta
A.J. Green,MIL,2023-24,2025165,136021000,1.49,a.j. green
Vince Williams Jr.,UTA,2023-24,2025165,136021000,1.49,vince williams jr.
Keon Ellis,CLE,2023-24,2025165,136021000,1.49,keon ellis
Ryan Kalkbrenner,CHO,2023-24,2020490,136021000,1.49,ryan kalkbrenner
Sion James,CHO,2023-24,2020490,136021000,1.49,sion james
Danté Exum,WAS,2023-24,2020490,136021000,1.49,danté exum
Anthony Gill,WAS,2023-24,2020490,136021000,1.49,anthony gill
Chris Boucher,UTA,2023-24,2020490,136021000,1.49,chris boucher
Chris Paul,TOR,2023-24,2020490,136021000,1.49,chris paul
Garrett Temple,TOR,2023-24,2020490,136021000,1.49,garrett temple
Bismack Biyombo,SAS,2023-24,2020490,136021000,1.49,bismack biyombo
Lindy Waters III,SAS,2023-24,2020490,136021000,1.49,lindy waters iii
Jordan McLaughlin,SAS,2023-24,2020490,136021000,1.49,jordan mclaughlin
Russell Westbrook,SAC,2023-24,2020490,136021000,1.49,russell westbrook
Doug McDermott,SAC,2023-24,2020490,136021000,1.49,doug mcdermott
Drew Eubanks,SAC,2023-24,2020490,136021000,1.49,drew eubanks
Blake Wesley,POR,2023-24,4965916,136021000,3.65,blake wesley
Cole Anthony,PHO,2023-24,5276118,136021000,3.88,cole anthony
Amir Coffey,PHO,2023-24,2020490,136021000,1.49,amir coffey
Collin Gillespie,PHO,2023-24,2020490,136021000,1.49,collin gillespie
Kyle Lowry,PHI,2023-24,2020490,136021000,1.49,kyle lowry
Mason Plumlee,OKC,2023-24,2659151,136021000,1.95,mason plumlee
Landry Shamet,NYK,2023-24,2020490,136021000,1.49,landry shamet
Jordan Clarkson,NYK,2023-24,11392792,136021000,8.38,jordan clarkson
Bones Hyland,MIN,2023-24,2020490,136021000,1.49,bones hyland
Joe Ingles,MIN,2023-24,2020490,136021000,1.49,joe ingles
Thanasis Antetokounmpo,MIL,2023-24,2020490,136021000,1.49,thanasis antetokounmpo
Eric Gordon,MEM,2023-24,2020490,136021000,1.49,eric gordon
Josh Okogie,HOU,2023-24,2020490,136021000,1.49,josh okogie
Jeff Green,HOU,2023-24,2020490,136021000,1.49,jeff green
Aaron Holiday,HOU,2023-24,2020490,136021000,1.49,aaron holiday
Jae'Sean Tate,HOU,2023-24,2020490,136021000,1.49,jae'sean tate
Gary Payton II,GSW,2023-24,2020490,136021000,1.49,gary payton ii
Javonte Green,DET,2023-24,2020490,136021000,1.49,javonte green
Tim Hardaway Jr.,DEN,2023-24,2020490,136021000,1.49,tim hardaway jr.
Bruce Brown,DEN,2023-24,2020490,136021000,1.49,bruce brown
Marvin Bagley III,DAL,2023-24,2020490,136021000,1.49,marvin bagley iii
Thomas Bryant,CLE,2023-24,2020490,136021000,1.49,thomas bryant
Larry Nance Jr.,CLE,2023-24,2020490,136021000,1.49,larry nance jr.
Keaton Wallace,ATL,2023-24,2020490,136021000,1.49,keaton wallace
Jock Landale,ATL,2023-24,2020490,136021000,1.49,jock landale
Scotty Pippen Jr.,MEM,2023-24,1998018,136021000,1.47,scotty pippen jr.
JD Davison,BOS,2023-24,1998018,136021000,1.47,jd davison
Brandon Williams,DAL,2023-24,1998018,136021000,1.47,brandon williams
Moussa Diabaté,CHO,2023-24,1998018,136021000,1.47,moussa diabaté
DeAndre Jordan,NOP,2023-24,1997266,136021000,1.47,deandre jordan
Toumani Camara,POR,2023-24,1954852,136021000,1.44,toumani camara
Rayan Rupert,POR,2023-24,2070972,136021000,1.52,rayan rupert
Julian Phillips,MIN,2023-24,1954852,136021000,1.44,julian phillips
GG Jackson II,MEM,2023-24,1954852,136021000,1.44,gg jackson ii
Gui Santos,GSW,2023-24,1954852,136021000,1.44,gui santos
Jalen Pickett,DEN,2023-24,1954852,136021000,1.44,jalen pickett
Hunter Tyson,BRK,2023-24,1954852,136021000,1.44,hunter tyson
Jalen Wilson,BRK,2023-24,1954852,136021000,1.44,jalen wilson
Jordan Walsh,BOS,2023-24,1954852,136021000,1.44,jordan walsh
Trayce Jackson-Davis,TOR,2023-24,1954852,136021000,1.44,trayce jackson-davis
Andre Jackson Jr.,MIL,2023-24,1954852,136021000,1.44,andre jackson jr.
Craig Porter Jr.,CLE,2023-24,1954852,136021000,1.44,craig porter jr.
Leonard Miller,CHI,2023-24,1954852,136021000,1.44,leonard miller
Duop Reath,ATL,2023-24,1954852,136021000,1.44,duop reath
Mouhamed Gueye,ATL,2023-24,1954852,136021000,1.44,mouhamed gueye
JaVale McGee,DAL,2023-24,1943571,136021000,1.43,javale mcgee
Tyler Kolek,NYK,2023-24,1928649,136021000,1.42,tyler kolek
Jaylen Clark,MIN,2023-24,1928649,136021000,1.42,jaylen clark
Tyrese Martin,BRK,2023-24,1928649,136021000,1.42,tyrese martin
Precious Achiuwa,SAC,2023-24,1857922,136021000,1.37,precious achiuwa
Justin Edwards,PHI,2023-24,1802469,136021000,1.33,justin edwards
Nigel Hayes-Davis,MIL,2023-24,1802469,136021000,1.33,nigel hayes-davis
N'Faly Dante,ATL,2023-24,1802469,136021000,1.33,n'faly dante
Johnny Furphy,IND,2023-24,1720535,136021000,1.26,johnny furphy
Jonathan Mogbo,TOR,2023-24,1720535,136021000,1.26,jonathan mogbo
Jamal Shead,TOR,2023-24,1720535,136021000,1.26,jamal shead
Oso Ighodaro,PHO,2023-24,1720535,136021000,1.26,oso ighodaro
Ariel Hukporti,NYK,2023-24,1720535,136021000,1.26,ariel hukporti
Karlo Matković,NOP,2023-24,1720535,136021000,1.26,karlo matković
Tyler Smith,MIL,2023-24,1720535,136021000,1.26,tyler smith
Keshad Johnson,MIA,2023-24,1720535,136021000,1.26,keshad johnson
Jaylen Wells,MEM,2023-24,1720535,136021000,1.26,jaylen wells
Bronny James,LAL,2023-24,1720535,136021000,1.26,bronny james
Cam Christie,LAC,2023-24,1720535,136021000,1.26,cam christie
Quinten Post,GSW,2023-24,1720535,136021000,1.26,quinten post
Bobi Klintman,DET,2023-24,1720535,136021000,1.26,bobi klintman
Isaac Jones,DET,2023-24,1720535,136021000,1.26,isaac jones
Drew Timme,BRK,2023-24,1720535,136021000,1.26,drew timme
Jamison Battle,TOR,2023-24,1720535,136021000,1.26,jamison battle
Adem Bona,PHI,2023-24,1720535,136021000,1.26,adem bona
Pelle Larsson,MIA,2023-24,1720535,136021000,1.26,pelle larsson
Seth Curry,GSW,2023-24,1544398,136021000,1.14,seth curry
Micah Potter,IND,2023-24,1344315,136021000,0.99,micah potter
Chaz Lanier,DET,2023-24,1207987,136021000,0.89,chaz lanier
Pat Connaughton,CHO,2023-24,9449840,136021000,6.95,pat connaughton
Rasheer Fleming,PHO,2023-24,1119997,136021000,0.82,rasheer fleming
Maxime Raynaud,SAC,2023-24,1119997,136021000,0.82,maxime raynaud
Johni Broome,PHI,2023-24,1119997,136021000,0.82,johni broome
Noah Penda,ORL,2023-24,1119997,136021000,0.82,noah penda
Micah Peavy,NOP,2023-24,1119997,136021000,0.82,micah peavy
Adou Thiero,LAL,2023-24,1119997,136021000,0.82,adou thiero
Will Richard,GSW,2023-24,1119997,136021000,0.82,will richard
Tyrese Proctor,CLE,2023-24,1119997,136021000,0.82,tyrese proctor
Mohamed Diawara,NYK,2023-24,1119997,136021000,0.82,mohamed diawara
Kam Jones,IND,2023-24,1119997,136021000,0.82,kam jones
Nikola Djurisic,ATL,2023-24,1119997,136021000,0.82,nikola djurisic
Olivier-Maxence Prosper,DAL,2023-24,881976,136021000,0.65,olivier-maxence prosper
James Wiseman,IND,2023-24,996020,136021000,0.73,james wiseman
Jevon Carter,ORL,2023-24,6758088,136021000,4.97,jevon carter
Pat Spencer,GSW,2023-24,754781,136021000,0.55,pat spencer
Kobe Bufkin,LAL,2023-24,4822110,136021000,3.55,kobe bufkin
Cam Thomas,MIL,2023-24,6016557,136021000,4.42,cam thomas
Haywood Highsmith,PHO,2023-24,5670057,136021000,4.17,haywood highsmith
Jeremy Sochan,NYK,2023-24,6929078,136021000,5.09,jeremy sochan
Mike Conley,MIN,2023-24,10118730,136021000,7.44,mike conley
Bryce McGowens,NOP,2023-24,637573,136021000,0.47,bryce mcgowens
Jabari Walker,PHI,2023-24,637573,136021000,0.47,jabari walker
Nae'Qwan Tomlin,CLE,2023-24,631900,136021000,0.46,nae'qwan tomlin
Jordan Miller,LAC,2023-24,627049,136021000,0.46,jordan miller
Cameron Payne,PHI,2023-24,627049,136021000,0.46,cameron payne
E.J. Liddell,PHO,2023-24,621999,136021000,0.46,e.j. liddell
Caleb Houstan,ATL,2023-24,615437,136021000,0.45,caleb houstan
Sidy Cissoko,POR,2023-24,603825,136021000,0.44,sidy cissoko
Vasilije Micić,MIL,2023-24,586600,136021000,0.43,vasilije micić
Spencer Jones,DEN,2023-24,549028,136021000,0.4,spencer jones
Mason Plumlee,SAS,2023-24,2659151,136021000,1.95,mason plumlee
Amari Williams,BOS,2023-24,431263,136021000,0.32,amari williams
Kobe Sanders,LAC,2023-24,418389,136021000,0.31,kobe sanders
Mamadi Diakite,MEM,2023-24,408317,136021000,0.3,mamadi diakite
Ricky Rubio,CLE,2023-24,373669,136021000,0.27,ricky rubio
Myron Gardner,MIA,2023-24,347586,136021000,0.26,myron gardner
Jeremiah Robinson-Earl,IND,2023-24,116120,136021000,0.09,jeremiah robinson-earl
Monte Morris,IND,2023-24,282610,136021000,0.21,monte morris
Garrison Mathews,IND,2023-24,377763,136021000,0.28,garrison mathews
Didi Louzada,POR,2023-24,235841,136021000,0.17,didi louzada
Mo Bamba,TOR,2023-24,403620,136021000,0.3,mo bamba
Mac McClung,IND,2023-24,144356,136021000,0.11,mac mcclung
Kobe Bufkin,LAL,2023-24,4822110,136021000,3.55,kobe bufkin
Tony Bradley,IND,2023-24,2819915,136021000,2.07,tony bradley
Tony Bradley,IND,2023-24,2819915,136021000,2.07,tony bradley
James Wiseman,IND,2023-24,996020,136021000,0.73,james wiseman
Mason Plumlee,SAS,2023-24,2659151,136021000,1.95,mason plumlee
Jeremiah Robinson-Earl,IND,2023-24,116120,136021000,0.09,jeremiah robinson-earl
Jeremiah Robinson-Earl,IND,2023-24,116120,136021000,0.09,jeremiah robinson-earl
Garrison Mathews,IND,2023-24,377763,136021000,0.28,garrison mathews
Garrison Mathews,IND,2023-24,377763,136021000,0.28,garrison mathews
Mo Bamba,UTA,2023-24,403620,136021000,0.3,mo bamba
Mo Bamba,UTA,2023-24,403620,136021000,0.3,mo bamba
Killian Hayes,SAC,2023-24,232241,136021000,0.17,killian hayes
Killian Hayes,SAC,2023-24,232241,136021000,0.17,killian hayes
Charles Bassey,PHI,2023-24,232241,136021000,0.17,charles bassey
Charles Bassey,PHI,2023-24,232241,136021000,0.17,charles bassey
Christian Koloko,MEM,2023-24,232241,136021000,0.17,christian koloko
Christian Koloko,MEM,2023-24,232241,136021000,0.17,christian koloko
Alondes Williams,WAS,2023-24,116120,136021000,0.09,alondes williams
Skal Labissière,WAS,2023-24,116120,136021000,0.09,skal labissière
Patrick Baldwin Jr.,PHI,2023-24,232241,136021000,0.17,patrick baldwin jr.
Rayan Rupert,MEM,2023-24,2070972,136021000,1.52,rayan rupert
Kobe Bufkin,MEM,2023-24,4822110,136021000,3.55,kobe bufkin
Charles Bassey,MEM,2023-24,232241,136021000,0.17,charles bassey
Dalano Banton,LAC,2023-24,232241,136021000,0.17,dalano banton
Patrick Baldwin Jr.,LAC,2023-24,232241,136021000,0.17,patrick baldwin jr.
Jeremiah Robinson-Earl,DAL,2023-24,116120,136021000,0.09,jeremiah robinson-earl
Dalano Banton,BOS,2023-24,232241,136021000,0.17,dalano banton
Adama-Alpha Bal,MEM,2023-24,102988,136021000,0.08,adama-alpha bal
Adama-Alpha Bal,MEM,2023-24,102988,136021000,0.08,adama-alpha bal
